,open,high,low,close,volume,open_interest
2016-01-04,2370.0,2377.0,2321.0,2326.0,1335646.0,1553566.0
2016-01-05,2328.0,2347.0,2325.0,2343.0,1139054.0,1504576.0
2016-01-06,2344.0,2352.0,2327.0,2347.0,1367216.0,1514752.0
2016-01-07,2344.0,2386.0,2339.0,2376.0,1975726.0,1457710.0
2016-01-08,2373.0,2407.0,2363.0,2404.0,1978374.0,1574678.0
2016-01-11,2406.0,2413.0,2377.0,2383.0,1490070.0,1470028.0
2016-01-12,2383.0,2397.0,2372.0,2378.0,1498406.0,1470060.0
2016-01-13,2380.0,2413.0,2376.0,2382.0,1877026.0,1533138.0
2016-01-14,2386.0,2415.0,2376.0,2406.0,1860008.0,1576008.0
2016-01-15,2406.0,2416.0,2395.0,2404.0,1355476.0,1569586.0
2016-01-18,2396.0,2462.0,2394.0,2458.0,2383820.0,1578096.0
2016-01-19,2458.0,2470.0,2450.0,2462.0,1453138.0,1558610.0
2016-01-20,2462.0,2471.0,2440.0,2453.0,1575738.0,1526076.0
2016-01-21,2448.0,2452.0,2419.0,2425.0,1485312.0,1477962.0
2016-01-22,2428.0,2459.0,2425.0,2452.0,1164004.0,1417696.0
2016-01-25,2452.0,2463.0,2428.0,2434.0,1147520.0,1384894.0
2016-01-26,2432.0,2453.0,2423.0,2443.0,839828.0,1384876.0
2016-01-27,2440.0,2452.0,2428.0,2448.0,1050482.0,1417870.0
2016-01-28,2446.0,2460.0,2435.0,2443.0,1263326.0,1381288.0
2016-01-29,2442.0,2444.0,2411.0,2419.0,1063362.0,1368258.0
2016-02-01,2422.0,2451.0,2416.0,2444.0,822598.0,1337758.0
2016-02-02,2440.0,2461.0,2437.0,2456.0,675808.0,1364016.0
2016-02-03,2450.0,2457.0,2439.0,2453.0,738972.0,1288826.0
2016-02-04,2451.0,2457.0,2437.0,2445.0,746966.0,1216788.0
2016-02-05,2445.0,2449.0,2425.0,2437.0,630870.0,1162184.0
2016-02-15,2428.0,2445.0,2417.0,2421.0,390118.0,1224150.0
2016-02-16,2420.0,2443.0,2405.0,2410.0,1089252.0,1314846.0
2016-02-17,2410.0,2420.0,2382.0,2383.0,1084588.0,1399348.0
2016-02-18,2383.0,2399.0,2379.0,2383.0,907500.0,1463008.0
2016-02-19,2384.0,2404.0,2376.0,2393.0,1213280.0,1464074.0
2016-02-22,2388.0,2411.0,2387.0,2402.0,825530.0,1478710.0
2016-02-23,2404.0,2415.0,2382.0,2385.0,843964.0,1491418.0
2016-02-24,2388.0,2390.0,2340.0,2355.0,1844618.0,1446970.0
2016-02-25,2351.0,2358.0,2333.0,2344.0,898664.0,1481626.0
2016-02-26,2347.0,2357.0,2325.0,2330.0,955594.0,1465684.0
2016-02-29,2330.0,2339.0,2288.0,2301.0,1441490.0,1437120.0
2016-03-01,2302.0,2316.0,2294.0,2312.0,927854.0,1427786.0
2016-03-02,2317.0,2335.0,2305.0,2309.0,1262446.0,1396378.0
2016-03-03,2310.0,2334.0,2302.0,2328.0,1077238.0,1342326.0
2016-03-04,2301.0,2332.0,2300.0,2331.0,677346.0,1589380.0
2016-03-07,2338.0,2396.0,2334.0,2357.0,1617010.0,1686570.0
2016-03-08,2357.0,2372.0,2317.0,2323.0,1152860.0,1718512.0
2016-03-09,2326.0,2337.0,2307.0,2317.0,874140.0,1713446.0
2016-03-10,2322.0,2329.0,2299.0,2303.0,959714.0,1815510.0
2016-03-11,2306.0,2317.0,2277.0,2308.0,1168022.0,1869730.0
2016-03-14,2311.0,2326.0,2307.0,2309.0,940512.0,1853412.0
2016-03-15,2308.0,2333.0,2297.0,2306.0,1312680.0,1850914.0
2016-03-16,2301.0,2311.0,2288.0,2295.0,943644.0,1913390.0
2016-03-17,2293.0,2313.0,2287.0,2311.0,1001444.0,1908560.0
2016-03-18,2315.0,2340.0,2311.0,2331.0,2073382.0,1933224.0
2016-03-21,2328.0,2338.0,2310.0,2328.0,1454114.0,2001788.0
2016-03-22,2329.0,2364.0,2327.0,2355.0,2041412.0,2021298.0
2016-03-23,2358.0,2391.0,2351.0,2357.0,2439888.0,2056178.0
2016-03-24,2348.0,2385.0,2341.0,2362.0,2463374.0,2028854.0
2016-03-25,2360.0,2401.0,2351.0,2399.0,2748008.0,2157206.0
2016-03-28,2403.0,2407.0,2366.0,2368.0,2350692.0,2259122.0
2016-03-29,2372.0,2375.0,2346.0,2353.0,2152844.0,2368614.0
2016-03-30,2354.0,2370.0,2348.0,2363.0,1686342.0,2361380.0
2016-03-31,2368.0,2371.0,2326.0,2331.0,1930872.0,2382674.0
2016-04-01,2334.0,2358.0,2324.0,2340.0,1822526.0,2480262.0
2016-04-05,2330.0,2357.0,2319.0,2354.0,1037346.0,2582648.0
2016-04-06,2349.0,2368.0,2337.0,2343.0,1666084.0,2619440.0
2016-04-07,2340.0,2356.0,2335.0,2342.0,1203654.0,2650162.0
2016-04-08,2347.0,2351.0,2325.0,2326.0,1254452.0,2726528.0
2016-04-11,2331.0,2375.0,2330.0,2362.0,2287002.0,2691866.0
2016-04-12,2366.0,2405.0,2360.0,2404.0,2929244.0,2814672.0
2016-04-13,2409.0,2470.0,2407.0,2445.0,3955702.0,2950752.0
2016-04-14,2448.0,2492.0,2443.0,2465.0,3333270.0,2964050.0
2016-04-15,2461.0,2483.0,2454.0,2473.0,2903132.0,3249502.0
2016-04-18,2465.0,2535.0,2450.0,2519.0,4196672.0,3343578.0
2016-04-19,2515.0,2528.0,2502.0,2518.0,2791206.0,3369478.0
2016-04-20,2526.0,2613.0,2524.0,2586.0,5584146.0,2986080.0
2016-04-21,2578.0,2680.0,2563.0,2680.0,4500404.0,2744930.0
2016-04-22,2668.0,2710.0,2573.0,2589.0,5148334.0,2328510.0
2016-04-25,2591.0,2647.0,2534.0,2571.0,4073896.0,2306324.0
2016-04-26,2570.0,2643.0,2558.0,2615.0,4014198.0,2309532.0
2016-04-27,2626.0,2655.0,2598.0,2627.0,4263234.0,2289796.0
2016-04-28,2632.0,2639.0,2581.0,2629.0,3509610.0,2223996.0
2016-04-29,2638.0,2680.0,2612.0,2617.0,3743610.0,2258754.0
2016-05-03,2659.0,2725.0,2659.0,2722.0,2928936.0,2432840.0
2016-05-04,2716.0,2724.0,2646.0,2677.0,3794162.0,2352108.0
2016-05-05,2673.0,2709.0,2663.0,2675.0,3154830.0,2345572.0
2016-05-06,2701.0,2708.0,2586.0,2614.0,4200566.0,2149450.0
2016-05-09,2612.0,2683.0,2598.0,2666.0,4754466.0,2127636.0
2016-05-10,2656.0,2669.0,2613.0,2660.0,3797602.0,2074114.0
2016-05-11,2672.0,2774.0,2652.0,2774.0,2690328.0,2099210.0
2016-05-12,2802.0,2853.0,2774.0,2833.0,6201144.0,2299682.0
2016-05-13,2838.0,2855.0,2766.0,2798.0,6289792.0,2244084.0
2016-05-16,2790.0,2853.0,2773.0,2809.0,5683616.0,2269180.0
2016-05-17,2807.0,2834.0,2797.0,2828.0,3668392.0,2177192.0
2016-05-18,2830.0,2928.0,2825.0,2853.0,6973520.0,2224208.0
2016-05-19,2852.0,2875.0,2816.0,2849.0,4857772.0,2265332.0
2016-05-20,2830.0,2875.0,2802.0,2870.0,4066198.0,2292202.0
2016-05-23,2900.0,2917.0,2828.0,2836.0,5001358.0,2359302.0
2016-05-24,2840.0,2848.0,2719.0,2727.0,6640506.0,2548324.0
2016-05-25,2718.0,2804.0,2701.0,2790.0,7651616.0,2583694.0
2016-05-26,2805.0,2898.0,2800.0,2895.0,6704486.0,2510856.0
2016-05-27,2907.0,2915.0,2838.0,2871.0,6613560.0,2593636.0
2016-05-30,2862.0,2988.0,2855.0,2974.0,7525820.0,2773256.0
2016-05-31,2950.0,2971.0,2913.0,2930.0,5196984.0,2787568.0
2016-06-01,2938.0,2954.0,2866.0,2898.0,6059624.0,2793706.0
2016-06-02,2899.0,3003.0,2879.0,2977.0,6443822.0,2838858.0
2016-06-03,2985.0,3058.0,2971.0,3054.0,6229430.0,2878220.0
2016-06-06,3074.0,3100.0,3025.0,3098.0,5900880.0,2880470.0
2016-06-07,3104.0,3134.0,3086.0,3130.0,6353176.0,2935928.0
2016-06-08,3120.0,3176.0,3101.0,3173.0,5348828.0,2807088.0
2016-06-13,3320.0,3352.0,3255.0,3344.0,4396564.0,2676094.0
2016-06-14,3333.0,3367.0,3217.0,3234.0,7192348.0,2432702.0
2016-06-15,3260.0,3293.0,3207.0,3281.0,6571600.0,2569012.0
2016-06-16,3296.0,3337.0,3187.0,3200.0,7458498.0,2522394.0
2016-06-17,3205.0,3233.0,3154.0,3230.0,5883334.0,2392542.0
2016-06-20,3233.0,3274.0,3213.0,3256.0,4926544.0,2454176.0
2016-06-21,3245.0,3280.0,3224.0,3249.0,4448280.0,2455736.0
2016-06-22,3210.0,3267.0,3183.0,3263.0,4569932.0,2417682.0
2016-06-23,3230.0,3294.0,3195.0,3210.0,5609324.0,2290028.0
2016-06-24,3210.0,3256.0,3170.0,3177.0,7414320.0,2150624.0
2016-06-27,3160.0,3309.0,3147.0,3301.0,4936632.0,2283482.0
2016-06-28,3293.0,3425.0,3281.0,3403.0,6783382.0,2310828.0
2016-06-29,3406.0,3424.0,3335.0,3356.0,5535794.0,2295352.0
2016-06-30,3352.0,3403.0,3343.0,3394.0,4254466.0,2256080.0
2016-07-01,3384.0,3577.0,3356.0,3450.0,4812026.0,2191550.0
2016-07-04,3441.0,3523.0,3436.0,3459.0,4177172.0,2107068.0
2016-07-05,3462.0,3474.0,3274.0,3360.0,5737236.0,1933896.0
2016-07-06,3353.0,3395.0,3227.0,3254.0,6335542.0,1752302.0
2016-07-07,3200.0,3320.0,3106.0,3143.0,6399496.0,1665496.0
2016-07-08,3174.0,3203.0,3024.0,3075.0,5636438.0,1385546.0
2016-07-11,3101.0,3193.0,3077.0,3146.0,4082924.0,1403942.0
2016-07-12,3160.0,3193.0,3130.0,3184.0,3555346.0,1339092.0
2016-07-13,3175.0,3317.0,3163.0,3294.0,5075350.0,1331352.0
2016-07-14,3333.0,3353.0,3284.0,3324.0,3415708.0,1341634.0
2016-07-15,3330.0,3341.0,3177.0,3200.0,3945200.0,1303258.0
2016-07-18,3138.0,3182.0,3075.0,3081.0,1381568.0,1337526.0
2016-07-19,3070.0,3157.0,3066.0,3136.0,1204290.0,1372058.0
2016-07-20,3120.0,3128.0,3013.0,3052.0,1584010.0,1336970.0
2016-07-21,3035.0,3054.0,2984.0,3028.0,1227760.0,1316216.0
2016-07-22,3020.0,3043.0,2946.0,2955.0,1391474.0,1389520.0
2016-07-25,2946.0,2963.0,2893.0,2956.0,1342142.0,1440100.0
2016-07-26,2969.0,2973.0,2907.0,2948.0,1279408.0,1448506.0
2016-07-27,2940.0,2980.0,2924.0,2965.0,1274676.0,1440416.0
2016-07-28,2990.0,3005.0,2966.0,2978.0,1405144.0,1443832.0
2016-07-29,2968.0,2991.0,2918.0,2923.0,1238278.0,1458134.0
2016-08-01,2931.0,2990.0,2925.0,2946.0,1092152.0,1457640.0
2016-08-02,2935.0,2951.0,2870.0,2902.0,1951438.0,1485150.0
2016-08-03,2896.0,2923.0,2871.0,2890.0,1855024.0,1521040.0
2016-08-04,2905.0,2917.0,2853.0,2912.0,2331890.0,1605764.0
2016-08-05,2915.0,2961.0,2894.0,2951.0,2698488.0,1714838.0
2016-08-08,2946.0,2997.0,2938.0,2962.0,2313384.0,1691578.0
2016-08-09,2969.0,2993.0,2952.0,2976.0,1900418.0,1717530.0
2016-08-10,2960.0,3025.0,2960.0,3024.0,2195880.0,1790230.0
2016-08-11,3015.0,3020.0,2984.0,3003.0,1745224.0,1797918.0
2016-08-12,3001.0,3033.0,3000.0,3011.0,1988580.0,1863814.0
2016-08-15,3000.0,3055.0,2960.0,3040.0,2603764.0,1959766.0
2016-08-16,3035.0,3069.0,3032.0,3049.0,2096696.0,2006470.0
2016-08-17,3052.0,3058.0,3029.0,3041.0,1355702.0,1984642.0
2016-08-18,3043.0,3066.0,3006.0,3011.0,2120138.0,1976352.0
2016-08-19,3012.0,3018.0,2962.0,2986.0,2438362.0,1959868.0
2016-08-22,2990.0,3024.0,2968.0,3005.0,1780228.0,1926500.0
2016-08-23,2999.0,3042.0,2989.0,3006.0,1572874.0,1942840.0
2016-08-24,3014.0,3026.0,2978.0,2981.0,1750772.0,1956692.0
2016-08-25,2980.0,2989.0,2930.0,2968.0,2108900.0,1974706.0
2016-08-26,2966.0,2974.0,2909.0,2918.0,2048420.0,1978524.0
2016-08-29,2925.0,2938.0,2902.0,2921.0,1529138.0,1958736.0
2016-08-30,2915.0,2934.0,2908.0,2918.0,1247698.0,1974540.0
2016-08-31,2915.0,2928.0,2858.0,2862.0,2092712.0,2010574.0
2016-09-01,2862.0,2889.0,2851.0,2881.0,1558684.0,2032556.0
2016-09-02,2884.0,2914.0,2863.0,2884.0,1631912.0,2006970.0
2016-09-05,2896.0,2916.0,2861.0,2870.0,1677366.0,2077476.0
2016-09-06,2870.0,2898.0,2855.0,2886.0,1196644.0,2041478.0
2016-09-07,2879.0,2949.0,2872.0,2940.0,2104538.0,2085782.0
2016-09-08,2950.0,2970.0,2938.0,2966.0,1736624.0,2078460.0
2016-09-09,2971.0,2979.0,2943.0,2947.0,1325468.0,2051102.0
2016-09-12,2945.0,2984.0,2931.0,2953.0,1804562.0,1995358.0
2016-09-13,2961.0,2988.0,2914.0,2935.0,2157678.0,1918792.0
2016-09-14,2920.0,2927.0,2882.0,2895.0,1635030.0,1819374.0
2016-09-19,2950.0,2992.0,2943.0,2980.0,1253650.0,1831840.0
2016-09-20,2985.0,2994.0,2958.0,2977.0,1568852.0,1837598.0
2016-09-21,2980.0,3021.0,2970.0,2990.0,1830986.0,1884396.0
2016-09-22,2998.0,3009.0,2934.0,2938.0,2240402.0,1858624.0
2016-09-23,2955.0,2963.0,2904.0,2909.0,1582308.0,1884594.0
2016-09-26,2907.0,2916.0,2866.0,2866.0,1558894.0,1901022.0
2016-09-27,2861.0,2879.0,2837.0,2841.0,1876582.0,1907020.0
2016-09-28,2849.0,2857.0,2819.0,2850.0,1453264.0,1830002.0
2016-09-29,2846.0,2888.0,2842.0,2883.0,1724468.0,1588722.0
2016-09-30,2883.0,2897.0,2844.0,2876.0,1492904.0,1530712.0
2016-10-10,2865.0,2884.0,2829.0,2857.0,873540.0,1511664.0
2016-10-11,2853.0,2882.0,2840.0,2853.0,1468112.0,1579622.0
2016-10-12,2851.0,2871.0,2796.0,2815.0,2076340.0,1669704.0
2016-10-13,2820.0,2846.0,2761.0,2769.0,2478600.0,1661334.0
2016-10-14,2779.0,2817.0,2747.0,2811.0,2006990.0,1546944.0
2016-10-17,2818.0,2841.0,2803.0,2827.0,2101752.0,1617068.0
2016-10-18,2830.0,2863.0,2813.0,2856.0,1829684.0,1611246.0
2016-10-19,2845.0,2868.0,2823.0,2829.0,1666554.0,1628644.0
2016-10-20,2825.0,2879.0,2818.0,2874.0,1619802.0,1671646.0
2016-10-21,2874.0,2894.0,2846.0,2870.0,1661486.0,1663772.0
2016-10-24,2875.0,2915.0,2862.0,2906.0,1648994.0,1643918.0
2016-10-25,2912.0,2922.0,2876.0,2884.0,1577640.0,1598584.0
2016-10-26,2894.0,2931.0,2863.0,2927.0,2216644.0,1605142.0
2016-10-27,2925.0,2977.0,2911.0,2972.0,2169692.0,1598100.0
2016-10-28,2960.0,2980.0,2945.0,2959.0,1448396.0,1597760.0
2016-10-31,2952.0,2966.0,2906.0,2910.0,1392744.0,1544898.0
2016-11-01,2905.0,2922.0,2891.0,2902.0,1329924.0,1557248.0
2016-11-02,2907.0,2918.0,2812.0,2819.0,2015560.0,1471106.0
2016-11-03,2831.0,2834.0,2806.0,2825.0,1096256.0,1451590.0
2016-11-04,2825.0,2836.0,2798.0,2816.0,1247014.0,1433840.0
2016-11-07,2822.0,2879.0,2819.0,2865.0,1334596.0,1387574.0
2016-11-08,2868.0,2910.0,2862.0,2896.0,1303746.0,1354488.0
2016-11-09,2907.0,2921.0,2861.0,2897.0,1469424.0,1327882.0
2016-11-10,2915.0,3018.0,2871.0,2995.0,3247576.0,1487872.0
2016-11-11,2983.0,3038.0,2961.0,3005.0,3603800.0,1517388.0
2016-11-14,2998.0,3020.0,2853.0,2868.0,3425786.0,1264236.0
2016-11-15,2751.0,2816.0,2737.0,2766.0,968096.0,1460664.0
2016-11-16,2772.0,2815.0,2768.0,2814.0,792940.0,1490078.0
2016-11-17,2806.0,2824.0,2791.0,2807.0,627792.0,1512236.0
2016-11-18,2806.0,2815.0,2783.0,2798.0,612656.0,1533158.0
2016-11-21,2805.0,2870.0,2793.0,2855.0,961766.0,1532510.0
2016-11-22,2857.0,2954.0,2846.0,2925.0,1375784.0,1645454.0
2016-11-23,2910.0,2980.0,2899.0,2948.0,1465972.0,1797588.0
2016-11-24,2943.0,2994.0,2922.0,2939.0,1931774.0,1858216.0
2016-11-25,2940.0,2969.0,2907.0,2928.0,1575230.0,1885924.0
2016-11-28,2935.0,3024.0,2925.0,3011.0,3228392.0,2353596.0
2016-11-29,3002.0,3021.0,2956.0,2975.0,2666768.0,2484760.0
2016-11-30,2960.0,2975.0,2912.0,2936.0,2760452.0,2356402.0
2016-12-01,2949.0,2982.0,2922.0,2936.0,2544438.0,2445624.0
2016-12-02,2942.0,2947.0,2873.0,2894.0,2460846.0,2473292.0
2016-12-05,2898.0,2921.0,2885.0,2916.0,1775874.0,2549002.0
2016-12-06,2921.0,2954.0,2913.0,2928.0,1834742.0,2551144.0
2016-12-07,2947.0,2962.0,2928.0,2946.0,1814784.0,2603702.0
2016-12-08,2945.0,2951.0,2906.0,2913.0,1578560.0,2560658.0
2016-12-09,2919.0,2922.0,2850.0,2875.0,2007858.0,2485692.0
2016-12-12,2885.0,2946.0,2877.0,2931.0,1810192.0,2430948.0
2016-12-13,2919.0,2949.0,2918.0,2948.0,1670636.0,2482942.0
2016-12-14,2954.0,2960.0,2888.0,2893.0,2186760.0,2462556.0
2016-12-15,2886.0,2913.0,2876.0,2907.0,1462288.0,2438398.0
2016-12-16,2900.0,2935.0,2887.0,2909.0,1444496.0,2393664.0
2016-12-19,2915.0,2936.0,2894.0,2913.0,1732208.0,2401560.0
2016-12-20,2906.0,2916.0,2831.0,2833.0,2220678.0,2317256.0
2016-12-21,2839.0,2846.0,2821.0,2825.0,1485620.0,2334276.0
2016-12-22,2828.0,2841.0,2802.0,2804.0,1316386.0,2315702.0
2016-12-23,2807.0,2826.0,2784.0,2803.0,1484234.0,2302816.0
2016-12-26,2806.0,2817.0,2760.0,2769.0,1363484.0,2293368.0
2016-12-27,2773.0,2818.0,2771.0,2811.0,1082348.0,2221362.0
2016-12-28,2816.0,2853.0,2811.0,2840.0,1445182.0,2223984.0
2016-12-29,2848.0,2849.0,2808.0,2832.0,1063462.0,2213572.0
2016-12-30,2838.0,2845.0,2790.0,2803.0,1122562.0,2227124.0
2017-01-03,2796.0,2811.0,2769.0,2773.0,809118.0,2269460.0
2017-01-04,2775.0,2796.0,2756.0,2792.0,1290250.0,2191136.0
2017-01-05,2790.0,2818.0,2776.0,2786.0,1134786.0,2204112.0
2017-01-06,2786.0,2802.0,2773.0,2791.0,863538.0,2197806.0
2017-01-09,2790.0,2807.0,2761.0,2775.0,1293632.0,2251342.0
2017-01-10,2775.0,2794.0,2754.0,2778.0,1272818.0,2266272.0
2017-01-11,2774.0,2836.0,2773.0,2824.0,1997404.0,2287546.0
2017-01-12,2820.0,2832.0,2800.0,2808.0,1103476.0,2316562.0
2017-01-13,2811.0,2889.0,2809.0,2871.0,1638226.0,2288442.0
2017-01-16,2873.0,2913.0,2863.0,2909.0,1353330.0,2245840.0
2017-01-17,2917.0,2952.0,2896.0,2922.0,1493336.0,2173016.0
2017-01-18,2927.0,2956.0,2909.0,2936.0,1788652.0,2207064.0
2017-01-19,2933.0,2971.0,2927.0,2967.0,1487892.0,2199494.0
2017-01-20,2966.0,2967.0,2926.0,2929.0,1081220.0,2077056.0
2017-01-23,2932.0,2948.0,2915.0,2935.0,967394.0,2020200.0
2017-01-24,2930.0,2944.0,2917.0,2939.0,795134.0,2006794.0
2017-01-25,2938.0,2938.0,2881.0,2882.0,1093450.0,1917380.0
2017-01-26,2885.0,2924.0,2885.0,2913.0,705932.0,1857588.0
2017-02-03,2887.0,2912.0,2851.0,2889.0,630506.0,1873050.0
2017-02-06,2888.0,2934.0,2886.0,2921.0,1596652.0,2157850.0
2017-02-07,2924.0,2936.0,2912.0,2916.0,892698.0,2201328.0
2017-02-08,2914.0,2967.0,2896.0,2965.0,1437878.0,2332566.0
2017-02-09,2968.0,2985.0,2955.0,2964.0,1177440.0,2284898.0
2017-02-10,2963.0,2999.0,2957.0,2997.0,1178690.0,2323924.0
2017-02-13,2996.0,3028.0,2976.0,2985.0,1524206.0,2311794.0
2017-02-14,2986.0,3008.0,2951.0,2956.0,1229388.0,2272244.0
2017-02-15,2964.0,2968.0,2933.0,2937.0,1147160.0,2258876.0
2017-02-16,2931.0,2990.0,2921.0,2955.0,1507112.0,2168468.0
2017-02-17,2955.0,2985.0,2892.0,2906.0,2028018.0,2011988.0
2017-02-20,2907.0,2924.0,2901.0,2916.0,879368.0,1972062.0
2017-02-21,2917.0,2970.0,2914.0,2955.0,1389894.0,1966262.0
2017-02-22,2955.0,2962.0,2906.0,2914.0,1152724.0,1934580.0
2017-02-23,2919.0,2929.0,2877.0,2880.0,1305428.0,1874894.0
2017-02-24,2880.0,2886.0,2852.0,2878.0,1089774.0,1834364.0
2017-02-27,2880.0,2895.0,2865.0,2890.0,965244.0,1848434.0
2017-02-28,2893.0,2899.0,2873.0,2881.0,934378.0,1841310.0
2017-03-01,2882.0,2932.0,2878.0,2909.0,1570740.0,1762774.0
2017-03-02,2916.0,2950.0,2909.0,2945.0,1074142.0,1736892.0
2017-03-03,2940.0,2943.0,2913.0,2933.0,893762.0,1732534.0
2017-03-06,2934.0,2965.0,2919.0,2962.0,1235364.0,1791880.0
2017-03-07,2960.0,2970.0,2946.0,2951.0,992444.0,1752380.0
2017-03-08,2948.0,2951.0,2900.0,2903.0,1220056.0,1664476.0
2017-03-09,2900.0,2909.0,2887.0,2898.0,985134.0,1644378.0
2017-03-10,2891.0,2901.0,2857.0,2860.0,1174750.0,1615210.0
2017-03-13,2863.0,2884.0,2853.0,2874.0,914456.0,1544892.0
2017-03-14,2872.0,2890.0,2839.0,2844.0,1203478.0,1530920.0
2017-03-15,2840.0,2886.0,2825.0,2871.0,1161044.0,1436080.0
2017-03-16,2875.0,2885.0,2848.0,2864.0,793424.0,1438896.0
2017-03-17,2890.0,2896.0,2857.0,2875.0,612986.0,1604870.0
2017-03-20,2874.0,2914.0,2861.0,2907.0,959790.0,1745374.0
2017-03-21,2900.0,2916.0,2872.0,2877.0,1063812.0,1870528.0
2017-03-22,2881.0,2884.0,2858.0,2875.0,1117262.0,2002054.0
2017-03-23,2872.0,2882.0,2825.0,2827.0,1781858.0,2119364.0
2017-03-24,2829.0,2848.0,2806.0,2813.0,1249086.0,2146658.0
2017-03-27,2815.0,2818.0,2783.0,2807.0,1193478.0,2107942.0
2017-03-28,2805.0,2813.0,2793.0,2801.0,1060160.0,2186788.0
2017-03-29,2804.0,2819.0,2788.0,2816.0,1217214.0,2214330.0
2017-03-30,2815.0,2817.0,2773.0,2785.0,1357636.0,2245112.0
2017-03-31,2775.0,2800.0,2766.0,2780.0,790108.0,2212768.0
2017-04-05,2740.0,2762.0,2733.0,2755.0,1049690.0,2359122.0
2017-04-06,2756.0,2765.0,2743.0,2754.0,1151572.0,2465404.0
2017-04-07,2755.0,2759.0,2723.0,2729.0,1305006.0,2406850.0
2017-04-10,2735.0,2774.0,2732.0,2762.0,1442414.0,2375378.0
2017-04-11,2763.0,2768.0,2745.0,2762.0,1049786.0,2468820.0
2017-04-12,2757.0,2808.0,2740.0,2783.0,1824958.0,2444924.0
2017-04-13,2789.0,2838.0,2783.0,2836.0,1558500.0,2448010.0
2017-04-14,2837.0,2849.0,2824.0,2830.0,1426256.0,2356906.0
2017-04-17,2835.0,2854.0,2814.0,2825.0,1433722.0,2473674.0
2017-04-18,2823.0,2835.0,2809.0,2812.0,1340506.0,2485364.0
2017-04-19,2810.0,2859.0,2793.0,2856.0,1941632.0,2543530.0
2017-04-20,2834.0,2849.0,2821.0,2844.0,1621148.0,2510120.0
2017-04-21,2846.0,2849.0,2817.0,2828.0,1170678.0,2536034.0
2017-04-24,2833.0,2867.0,2817.0,2857.0,1542910.0,2615406.0
2017-04-25,2858.0,2866.0,2840.0,2851.0,1083314.0,2611450.0
2017-04-26,2850.0,2857.0,2804.0,2806.0,1614830.0,2554874.0
2017-04-27,2810.0,2827.0,2790.0,2792.0,1366500.0,2517108.0
2017-04-28,2796.0,2808.0,2787.0,2799.0,902756.0,2475892.0
2017-05-02,2825.0,2884.0,2823.0,2879.0,1441082.0,2515604.0
2017-05-03,2870.0,2873.0,2850.0,2861.0,1024048.0,2483980.0
2017-05-04,2861.0,2875.0,2848.0,2869.0,1445900.0,2476938.0
2017-05-05,2865.0,2888.0,2836.0,2841.0,2017480.0,2454184.0
2017-05-08,2856.0,2868.0,2816.0,2818.0,1784408.0,2351434.0
2017-05-09,2822.0,2827.0,2808.0,2817.0,1026774.0,2341432.0
2017-05-10,2819.0,2841.0,2817.0,2838.0,906150.0,2297294.0
2017-05-11,2837.0,2846.0,2812.0,2835.0,1300712.0,2346480.0
2017-05-12,2829.0,2833.0,2788.0,2792.0,1545332.0,2434192.0
2017-05-15,2794.0,2798.0,2778.0,2781.0,1091052.0,2455252.0
2017-05-16,2791.0,2796.0,2758.0,2772.0,1151504.0,2509790.0
2017-05-17,2778.0,2814.0,2774.0,2809.0,1127932.0,2362248.0
2017-05-18,2814.0,2816.0,2755.0,2768.0,1232404.0,2403338.0
2017-05-19,2751.0,2764.0,2732.0,2737.0,1705320.0,2529628.0
2017-05-22,2741.0,2764.0,2727.0,2750.0,1534324.0,2567968.0
2017-05-23,2749.0,2755.0,2734.0,2742.0,873936.0,2569754.0
2017-05-24,2741.0,2748.0,2710.0,2733.0,1680706.0,2638990.0
2017-05-25,2739.0,2741.0,2725.0,2732.0,712340.0,2623854.0
2017-05-26,2730.0,2735.0,2690.0,2700.0,1365232.0,2712432.0
2017-05-31,2668.0,2672.0,2604.0,2613.0,1518098.0,2753026.0
2017-06-01,2618.0,2632.0,2614.0,2629.0,951688.0,2720494.0
2017-06-02,2637.0,2650.0,2610.0,2627.0,1005804.0,2680396.0
2017-06-05,2633.0,2670.0,2630.0,2650.0,1307918.0,2631062.0
2017-06-06,2655.0,2665.0,2642.0,2650.0,842032.0,2614600.0
2017-06-07,2652.0,2685.0,2647.0,2664.0,1282134.0,2617972.0
2017-06-08,2675.0,2688.0,2668.0,2685.0,1100954.0,2638308.0
2017-06-09,2690.0,2708.0,2685.0,2686.0,1054008.0,2584416.0
2017-06-12,2693.0,2697.0,2665.0,2677.0,1291808.0,2581412.0
2017-06-13,2668.0,2668.0,2647.0,2663.0,1148508.0,2552284.0
2017-06-14,2664.0,2689.0,2663.0,2680.0,984284.0,2538772.0
2017-06-15,2680.0,2689.0,2651.0,2664.0,1232390.0,2594886.0
2017-06-16,2655.0,2705.0,2645.0,2687.0,1379718.0,2521732.0
2017-06-19,2692.0,2731.0,2677.0,2709.0,1558108.0,2484560.0
2017-06-20,2708.0,2716.0,2693.0,2711.0,915068.0,2423798.0
2017-06-21,2700.0,2703.0,2684.0,2696.0,898338.0,2431078.0
2017-06-22,2696.0,2703.0,2655.0,2658.0,1203530.0,2457152.0
2017-06-23,2653.0,2661.0,2634.0,2645.0,1026780.0,2433844.0
2017-06-26,2648.0,2664.0,2633.0,2657.0,877444.0,2358442.0
2017-06-27,2662.0,2670.0,2651.0,2663.0,691016.0,2298884.0
2017-06-28,2670.0,2680.0,2647.0,2658.0,970046.0,2341754.0
2017-06-29,2658.0,2670.0,2653.0,2665.0,931290.0,2258590.0
2017-06-30,2670.0,2691.0,2643.0,2655.0,1357794.0,2274202.0
2017-07-03,2658.0,2788.0,2652.0,2780.0,1825034.0,2080446.0
2017-07-04,2792.0,2804.0,2769.0,2798.0,1570472.0,2096392.0
2017-07-05,2797.0,2808.0,2775.0,2792.0,895288.0,2056712.0
2017-07-06,2790.0,2829.0,2789.0,2815.0,1542188.0,2024462.0
2017-07-07,2810.0,2841.0,2807.0,2834.0,893170.0,1988160.0
2017-07-10,2844.0,2943.0,2826.0,2919.0,2000796.0,1959536.0
2017-07-11,2918.0,2948.0,2888.0,2930.0,1597096.0,1733774.0
2017-07-12,2913.0,2930.0,2907.0,2914.0,1004978.0,1643514.0
2017-07-13,2909.0,2926.0,2842.0,2849.0,1543238.0,1608410.0
2017-07-14,2835.0,2849.0,2787.0,2803.0,1316922.0,1542914.0
2017-07-17,2812.0,2832.0,2802.0,2810.0,905190.0,1513754.0
2017-07-18,2825.0,2836.0,2808.0,2824.0,818614.0,1482552.0
2017-07-19,2839.0,2856.0,2821.0,2826.0,795318.0,1464842.0
2017-07-20,2830.0,2853.0,2826.0,2842.0,712538.0,1444244.0
2017-07-21,2856.0,2876.0,2851.0,2869.0,917814.0,1431812.0
2017-07-24,2861.0,2862.0,2789.0,2805.0,987632.0,1327848.0
2017-07-25,2805.0,2871.0,2802.0,2864.0,838294.0,1263114.0
2017-07-26,2855.0,2858.0,2803.0,2808.0,887872.0,1216524.0
2017-07-27,2811.0,2844.0,2776.0,2828.0,530666.0,1375504.0
2017-07-28,2841.0,2870.0,2833.0,2851.0,826692.0,1431610.0
2017-07-31,2855.0,2879.0,2829.0,2844.0,736666.0,1435258.0
2017-08-01,2840.0,2863.0,2835.0,2838.0,945596.0,1544160.0
2017-08-02,2825.0,2837.0,2786.0,2796.0,1375242.0,1625138.0
2017-08-03,2800.0,2807.0,2757.0,2760.0,1071826.0,1679996.0
2017-08-04,2760.0,2774.0,2752.0,2768.0,907282.0,1713078.0
2017-08-07,2772.0,2795.0,2767.0,2775.0,969450.0,1737620.0
2017-08-08,2780.0,2825.0,2777.0,2819.0,1178400.0,1677164.0
2017-08-09,2820.0,2828.0,2809.0,2820.0,905224.0,1673618.0
2017-08-10,2820.0,2835.0,2810.0,2829.0,1029814.0,1757888.0
2017-08-11,2836.0,2855.0,2723.0,2725.0,2131214.0,1583006.0
2017-08-14,2738.0,2742.0,2718.0,2734.0,913516.0,1550682.0
2017-08-15,2730.0,2740.0,2721.0,2728.0,805784.0,1540208.0
2017-08-16,2721.0,2727.0,2705.0,2716.0,783802.0,1564320.0
2017-08-17,2719.0,2734.0,2712.0,2725.0,870850.0,1565092.0
2017-08-18,2730.0,2735.0,2724.0,2727.0,670208.0,1578858.0
2017-08-21,2724.0,2737.0,2718.0,2727.0,941288.0,1648744.0
2017-08-22,2726.0,2744.0,2697.0,2739.0,1444050.0,1663602.0
2017-08-23,2730.0,2743.0,2728.0,2734.0,1051594.0,1680570.0
2017-08-24,2737.0,2743.0,2709.0,2724.0,1200884.0,1767646.0
2017-08-25,2726.0,2738.0,2720.0,2735.0,807670.0,1714790.0
2017-08-28,2741.0,2754.0,2731.0,2746.0,1009332.0,1761520.0
2017-08-29,2748.0,2748.0,2720.0,2723.0,912880.0,1782932.0
2017-08-30,2716.0,2722.0,2703.0,2707.0,890384.0,1861264.0
2017-08-31,2706.0,2710.0,2692.0,2697.0,791420.0,1887826.0
2017-09-01,2695.0,2720.0,2690.0,2705.0,1035906.0,1890296.0
2017-09-04,2708.0,2734.0,2700.0,2726.0,1020340.0,1889532.0
2017-09-05,2726.0,2735.0,2721.0,2727.0,739104.0,1873520.0
2017-09-06,2732.0,2750.0,2729.0,2737.0,1091608.0,1865810.0
2017-09-07,2741.0,2750.0,2730.0,2742.0,943724.0,1822578.0
2017-09-08,2741.0,2749.0,2710.0,2717.0,1195144.0,1853534.0
2017-09-11,2718.0,2728.0,2706.0,2725.0,857258.0,1798134.0
2017-09-12,2722.0,2730.0,2713.0,2722.0,749448.0,1864652.0
2017-09-13,2722.0,2738.0,2685.0,2690.0,1789078.0,1958260.0
2017-09-14,2691.0,2719.0,2690.0,2713.0,966532.0,1842808.0
2017-09-15,2720.0,2743.0,2716.0,2738.0,1386540.0,1822900.0
2017-09-18,2731.0,2744.0,2710.0,2741.0,1158322.0,1792144.0
2017-09-19,2735.0,2759.0,2730.0,2730.0,1284218.0,1877552.0
2017-09-20,2731.0,2737.0,2717.0,2730.0,721788.0,1834210.0
2017-09-21,2732.0,2748.0,2730.0,2741.0,915492.0,1883094.0
2017-09-22,2739.0,2800.0,2732.0,2790.0,1811852.0,2129772.0
2017-09-25,2791.0,2816.0,2788.0,2809.0,1371604.0,2111194.0
2017-09-26,2806.0,2809.0,2776.0,2787.0,872936.0,1997378.0
2017-09-27,2780.0,2784.0,2765.0,2783.0,763092.0,1979450.0
2017-09-28,2779.0,2787.0,2755.0,2762.0,931008.0,1843230.0
2017-09-29,2763.0,2780.0,2723.0,2729.0,1177762.0,1642354.0
2017-10-09,2780.0,2803.0,2775.0,2782.0,705360.0,1609128.0
2017-10-10,2782.0,2794.0,2771.0,2774.0,689826.0,1626400.0
2017-10-11,2781.0,2791.0,2762.0,2764.0,697172.0,1651474.0
2017-10-12,2766.0,2778.0,2763.0,2769.0,456060.0,1595786.0
2017-10-13,2769.0,2855.0,2765.0,2855.0,1226308.0,1663780.0
2017-10-16,2860.0,2871.0,2846.0,2852.0,888542.0,1614844.0
2017-10-17,2852.0,2879.0,2836.0,2842.0,804128.0,1642624.0
2017-10-18,2838.0,2845.0,2829.0,2837.0,635958.0,1621386.0
2017-10-19,2840.0,2855.0,2835.0,2851.0,678364.0,1657482.0
2017-10-20,2853.0,2861.0,2844.0,2852.0,594794.0,1658420.0
2017-10-23,2855.0,2874.0,2816.0,2835.0,1013442.0,1693784.0
2017-10-24,2830.0,2843.0,2822.0,2822.0,617776.0,1641204.0
2017-10-25,2820.0,2835.0,2812.0,2830.0,664920.0,1681106.0
2017-10-26,2832.0,2840.0,2812.0,2817.0,681112.0,1635744.0
2017-10-27,2822.0,2827.0,2794.0,2797.0,773682.0,1600232.0
2017-10-30,2801.0,2815.0,2796.0,2803.0,541254.0,1539164.0
2017-10-31,2803.0,2807.0,2785.0,2792.0,594660.0,1600062.0
2017-11-01,2792.0,2807.0,2784.0,2797.0,582038.0,1583462.0
2017-11-02,2797.0,2816.0,2787.0,2801.0,748358.0,1560468.0
2017-11-03,2802.0,2818.0,2802.0,2809.0,618700.0,1551290.0
2017-11-06,2806.0,2811.0,2780.0,2784.0,796450.0,1539296.0
2017-11-07,2782.0,2806.0,2781.0,2794.0,548642.0,1515846.0
2017-11-08,2791.0,2807.0,2786.0,2804.0,516462.0,1527200.0
2017-11-09,2804.0,2823.0,2799.0,2819.0,656712.0,1533650.0
2017-11-10,2822.0,2828.0,2783.0,2794.0,771750.0,1505356.0
2017-11-13,2795.0,2834.0,2794.0,2834.0,679160.0,1476832.0
2017-11-14,2828.0,2841.0,2812.0,2820.0,763284.0,1420908.0
2017-11-15,2819.0,2842.0,2808.0,2832.0,1004438.0,1454372.0
2017-11-16,2835.0,2869.0,2827.0,2861.0,995346.0,1427806.0
2017-11-17,2858.0,2869.0,2845.0,2850.0,729416.0,1452166.0
2017-11-20,2855.0,2909.0,2843.0,2897.0,1022536.0,1410874.0
2017-11-21,2897.0,2931.0,2888.0,2921.0,818280.0,1385470.0
2017-11-22,2913.0,2926.0,2895.0,2902.0,676508.0,1307442.0
2017-11-23,2835.0,2855.0,2818.0,2821.0,765862.0,1521616.0
2017-11-24,2822.0,2849.0,2822.0,2842.0,385232.0,1592312.0
2017-11-27,2843.0,2855.0,2820.0,2823.0,793296.0,1664764.0
2017-11-28,2831.0,2845.0,2819.0,2832.0,609122.0,1689878.0
2017-11-29,2828.0,2835.0,2817.0,2822.0,499208.0,1677694.0
2017-11-30,2823.0,2838.0,2810.0,2816.0,675944.0,1684700.0
2017-12-01,2816.0,2816.0,2791.0,2800.0,685906.0,1645184.0
2017-12-04,2801.0,2874.0,2801.0,2871.0,1119594.0,1824170.0
2017-12-05,2870.0,2878.0,2859.0,2864.0,657768.0,1796226.0
2017-12-06,2870.0,2927.0,2870.0,2912.0,1313822.0,1991050.0
2017-12-07,2915.0,2917.0,2871.0,2880.0,1141444.0,1940536.0
2017-12-08,2865.0,2882.0,2855.0,2875.0,903280.0,1953444.0
2017-12-11,2880.0,2885.0,2838.0,2850.0,993028.0,1895126.0
2017-12-12,2840.0,2858.0,2838.0,2844.0,647512.0,1869982.0
2017-12-13,2841.0,2847.0,2829.0,2842.0,686548.0,1908404.0
2017-12-14,2840.0,2852.0,2822.0,2823.0,798108.0,1877782.0
2017-12-15,2822.0,2829.0,2809.0,2811.0,780636.0,1887940.0
2017-12-18,2816.0,2822.0,2805.0,2815.0,639710.0,1861032.0
2017-12-19,2818.0,2834.0,2808.0,2818.0,824612.0,1926396.0
2017-12-20,2818.0,2825.0,2800.0,2804.0,752574.0,1913522.0
2017-12-21,2806.0,2809.0,2787.0,2790.0,770660.0,1916428.0
2017-12-22,2790.0,2800.0,2785.0,2786.0,530614.0,1896014.0
2017-12-25,2791.0,2806.0,2789.0,2794.0,529378.0,1901608.0
2017-12-26,2796.0,2826.0,2794.0,2820.0,665858.0,1940728.0
2017-12-27,2822.0,2830.0,2811.0,2824.0,695078.0,1938862.0
2017-12-28,2822.0,2824.0,2801.0,2806.0,611406.0,1989892.0
2017-12-29,2805.0,2807.0,2756.0,2761.0,997662.0,1996114.0
2018-01-02,2770.0,2777.0,2762.0,2765.0,391182.0,1964960.0
2018-01-03,2767.0,2783.0,2766.0,2773.0,600912.0,2020708.0
2018-01-04,2774.0,2775.0,2761.0,2770.0,494492.0,1995102.0
2018-01-05,2767.0,2780.0,2750.0,2775.0,789018.0,2007274.0
2018-01-08,2785.0,2786.0,2766.0,2767.0,532642.0,1965854.0
2018-01-09,2771.0,2789.0,2768.0,2776.0,647806.0,1982990.0
2018-01-10,2771.0,2777.0,2764.0,2768.0,446050.0,1985236.0
2018-01-11,2768.0,2771.0,2745.0,2754.0,673034.0,1999108.0
2018-01-12,2759.0,2759.0,2725.0,2729.0,710122.0,1973420.0
2018-01-15,2730.0,2769.0,2720.0,2757.0,743010.0,1952462.0
2018-01-16,2759.0,2765.0,2748.0,2754.0,551472.0,1933140.0
2018-01-17,2731.0,2770.0,2731.0,2770.0,684094.0,1961570.0
2018-01-18,2769.0,2779.0,2758.0,2767.0,582262.0,1943568.0
2018-01-19,2767.0,2783.0,2762.0,2780.0,566124.0,1953974.0
2018-01-22,2784.0,2792.0,2774.0,2786.0,577842.0,1881036.0
2018-01-23,2790.0,2796.0,2777.0,2784.0,546660.0,1896440.0
2018-01-24,2788.0,2789.0,2757.0,2758.0,740850.0,1893020.0
2018-01-25,2760.0,2783.0,2758.0,2781.0,610790.0,1870492.0
2018-01-26,2781.0,2785.0,2753.0,2771.0,555146.0,1862222.0
2018-01-29,2768.0,2812.0,2761.0,2808.0,980678.0,1942662.0
2018-01-30,2807.0,2812.0,2792.0,2804.0,685532.0,1944584.0
2018-01-31,2808.0,2822.0,2799.0,2815.0,618720.0,1903506.0
2018-02-01,2803.0,2808.0,2792.0,2799.0,569754.0,1926680.0
2018-02-02,2794.0,2796.0,2762.0,2767.0,688628.0,1906800.0
2018-02-05,2770.0,2778.0,2763.0,2769.0,450010.0,1865758.0
2018-02-06,2764.0,2776.0,2757.0,2764.0,510660.0,1888812.0
2018-02-07,2773.0,2810.0,2771.0,2805.0,743306.0,1875420.0
2018-02-08,2795.0,2808.0,2791.0,2806.0,520152.0,1875152.0
2018-02-09,2813.0,2819.0,2794.0,2801.0,570014.0,1807036.0
2018-02-12,2799.0,2843.0,2793.0,2841.0,749848.0,1868784.0
2018-02-13,2835.0,2859.0,2833.0,2843.0,614514.0,1821062.0
2018-02-14,2848.0,2865.0,2847.0,2857.0,496508.0,1776822.0
2018-02-22,2928.0,2962.0,2918.0,2959.0,850812.0,1757134.0
2018-02-23,2949.0,2962.0,2945.0,2957.0,705288.0,1817934.0
2018-02-26,2964.0,2995.0,2959.0,2972.0,1077356.0,1860840.0
2018-02-27,2978.0,2994.0,2967.0,2972.0,723748.0,1863690.0
2018-02-28,2977.0,3015.0,2969.0,3008.0,1024922.0,1982354.0
2018-03-01,3010.0,3057.0,3000.0,3054.0,1373052.0,2072020.0
2018-03-02,3045.0,3159.0,3039.0,3129.0,2708168.0,2079602.0
2018-03-05,3130.0,3148.0,3103.0,3120.0,1731452.0,2032830.0
2018-03-06,3124.0,3142.0,3103.0,3123.0,1491098.0,2004756.0
2018-03-07,3123.0,3158.0,3108.0,3117.0,1935898.0,1910952.0
2018-03-08,3112.0,3133.0,3093.0,3115.0,1329986.0,1853138.0
2018-03-09,3110.0,3146.0,3078.0,3097.0,2006170.0,1823204.0
2018-03-12,3087.0,3091.0,3035.0,3054.0,1746274.0,1709602.0
2018-03-13,3045.0,3082.0,3045.0,3060.0,995948.0,1629774.0
2018-03-14,3066.0,3074.0,3051.0,3065.0,799768.0,1585470.0
2018-03-15,3068.0,3068.0,3019.0,3036.0,1072210.0,1526750.0
2018-03-16,3006.0,3045.0,2990.0,3036.0,1099756.0,2006180.0
2018-03-19,3034.0,3044.0,2990.0,2993.0,978914.0,2051688.0
2018-03-20,2987.0,2993.0,2964.0,2979.0,964638.0,2065008.0
2018-03-21,2976.0,3004.0,2974.0,2993.0,724214.0,2149016.0
2018-03-22,2998.0,3016.0,2994.0,3000.0,1073702.0,2192530.0
2018-03-23,3000.0,3128.0,2999.0,3046.0,3043184.0,2326762.0
2018-03-26,3038.0,3122.0,3003.0,3090.0,2765074.0,2367014.0
2018-03-27,3086.0,3093.0,3037.0,3057.0,1460026.0,2426670.0
2018-03-28,3061.0,3077.0,3035.0,3044.0,1460166.0,2422690.0
2018-03-29,3041.0,3042.0,3010.0,3018.0,1328650.0,2449716.0
2018-03-30,3015.0,3173.0,3014.0,3158.0,3182996.0,2763344.0
2018-04-02,3160.0,3205.0,3150.0,3163.0,1983294.0,2818482.0
2018-04-03,3165.0,3175.0,3134.0,3161.0,1758678.0,2839654.0
2018-04-04,3161.0,3230.0,3154.0,3223.0,2755846.0,2850216.0
2018-04-09,3397.0,3400.0,3285.0,3327.0,3875988.0,2923706.0
2018-04-10,3325.0,3343.0,3239.0,3251.0,3801506.0,2893230.0
2018-04-11,3250.0,3263.0,3207.0,3247.0,2380494.0,3024840.0
2018-04-12,3251.0,3253.0,3213.0,3220.0,1697642.0,3061478.0
2018-04-13,3220.0,3261.0,3206.0,3229.0,1920024.0,3152404.0
2018-04-16,3229.0,3232.0,3185.0,3202.0,1612696.0,3135498.0
2018-04-17,3211.0,3272.0,3171.0,3265.0,2431826.0,3259078.0
2018-04-18,3256.0,3262.0,3198.0,3228.0,2287228.0,3189154.0
2018-04-19,3226.0,3228.0,3191.0,3214.0,1721680.0,3179034.0
2018-04-20,3209.0,3252.0,3203.0,3232.0,1821514.0,3242630.0
2018-04-23,3228.0,3260.0,3192.0,3205.0,1998034.0,3223108.0
2018-04-24,3205.0,3213.0,3192.0,3194.0,1291936.0,3222838.0
2018-04-25,3194.0,3232.0,3186.0,3202.0,1813960.0,3224772.0
2018-04-26,3203.0,3203.0,3172.0,3176.0,1506362.0,3193662.0
2018-04-27,3181.0,3181.0,3131.0,3168.0,1856868.0,3145866.0
2018-05-02,3220.0,3236.0,3188.0,3226.0,1160376.0,3105534.0
2018-05-03,3223.0,3232.0,3201.0,3224.0,1044346.0,3103410.0
2018-05-04,3221.0,3225.0,3178.0,3206.0,1496444.0,3109756.0
2018-05-07,3210.0,3244.0,3156.0,3157.0,1968878.0,3100424.0
2018-05-08,3158.0,3169.0,3086.0,3089.0,2267858.0,3053704.0
2018-05-09,3100.0,3111.0,3080.0,3106.0,1367256.0,3029932.0
2018-05-10,3102.0,3120.0,3093.0,3115.0,946712.0,3028156.0
2018-05-11,3114.0,3118.0,3068.0,3074.0,1199272.0,3007016.0
2018-05-14,3065.0,3080.0,3022.0,3030.0,1650616.0,3018126.0
2018-05-15,3032.0,3065.0,3022.0,3028.0,1451284.0,2985440.0
2018-05-16,3028.0,3030.0,2932.0,2971.0,2592460.0,2928624.0
2018-05-17,2972.0,3002.0,2942.0,2976.0,1960050.0,2819076.0
2018-05-18,2977.0,2990.0,2923.0,2961.0,1695004.0,2803916.0
2018-05-21,2953.0,2974.0,2933.0,2956.0,1580462.0,2804740.0
2018-05-22,2952.0,2976.0,2945.0,2958.0,1083814.0,2752862.0
2018-05-23,2970.0,3001.0,2957.0,2980.0,1585342.0,2759730.0
2018-05-24,2977.0,3048.0,2974.0,3044.0,1693602.0,2724850.0
2018-05-25,3040.0,3055.0,3016.0,3024.0,961146.0,2657288.0
2018-05-28,3030.0,3049.0,3020.0,3036.0,912362.0,2604600.0
2018-05-29,3038.0,3081.0,3032.0,3076.0,1121916.0,2594106.0
2018-05-30,3060.0,3077.0,3036.0,3045.0,1677336.0,2543676.0
2018-05-31,3042.0,3049.0,3002.0,3020.0,1405612.0,2507872.0
2018-06-01,3026.0,3044.0,3023.0,3029.0,879500.0,2475870.0
2018-06-04,3034.0,3061.0,3011.0,3042.0,1231834.0,2453542.0
2018-06-05,3041.0,3049.0,2977.0,3011.0,1299618.0,2387612.0
2018-06-06,3011.0,3020.0,2998.0,3013.0,663426.0,2334326.0
2018-06-07,3003.0,3013.0,2972.0,2985.0,884572.0,2341986.0
2018-06-08,2985.0,2989.0,2856.0,2893.0,1983874.0,2317866.0
2018-06-11,2899.0,2928.0,2893.0,2906.0,952080.0,2255406.0
2018-06-12,2904.0,2915.0,2885.0,2910.0,867878.0,2199870.0
2018-06-13,2910.0,2958.0,2907.0,2940.0,1158428.0,2152148.0
2018-06-14,2946.0,2961.0,2928.0,2947.0,997870.0,2097802.0
2018-06-15,2951.0,2979.0,2922.0,2935.0,1419338.0,2036690.0
2018-06-19,3095.0,3095.0,3013.0,3054.0,2253310.0,1943588.0
2018-06-20,3055.0,3077.0,3010.0,3044.0,1903010.0,1889518.0
2018-06-21,3046.0,3055.0,3001.0,3012.0,1145386.0,1809544.0
2018-06-22,3019.0,3024.0,2936.0,2968.0,1436918.0,1761910.0
2018-06-25,2974.0,3014.0,2968.0,3004.0,856898.0,1732498.0
2018-06-26,3002.0,3082.0,2986.0,3058.0,1789930.0,1784326.0
2018-06-27,3061.0,3146.0,3047.0,3126.0,2367654.0,1993300.0
2018-06-28,3128.0,3136.0,3091.0,3119.0,1755518.0,1872034.0
2018-06-29,3122.0,3150.0,3108.0,3140.0,1475800.0,1836550.0
2018-07-02,3150.0,3188.0,3129.0,3178.0,1609150.0,1865826.0
2018-07-03,3246.0,3256.0,3172.0,3217.0,938136.0,1952768.0
2018-07-04,3220.0,3241.0,3183.0,3193.0,971818.0,1936678.0
2018-07-05,3193.0,3205.0,3148.0,3199.0,790520.0,1913608.0
2018-07-06,3193.0,3229.0,3090.0,3162.0,1905414.0,1877206.0
2018-07-09,3168.0,3204.0,3144.0,3166.0,866340.0,1899592.0
2018-07-10,3150.0,3150.0,3106.0,3129.0,917062.0,1926486.0
2018-07-11,3131.0,3184.0,3120.0,3138.0,1106848.0,1878030.0
2018-07-12,3141.0,3155.0,3111.0,3118.0,747818.0,1863530.0
2018-07-13,3119.0,3124.0,3087.0,3089.0,664464.0,1877762.0
2018-07-16,3087.0,3095.0,3063.0,3088.0,550816.0,1820656.0
2018-07-17,3085.0,3137.0,3081.0,3126.0,700076.0,1810274.0
2018-07-18,3126.0,3142.0,3114.0,3115.0,499844.0,1809740.0
2018-07-19,3119.0,3136.0,3106.0,3135.0,437766.0,1801648.0
2018-07-20,3140.0,3172.0,3133.0,3157.0,724934.0,1872060.0
2018-07-23,3158.0,3177.0,3148.0,3154.0,541740.0,1844400.0
2018-07-24,3155.0,3174.0,3138.0,3159.0,828270.0,1897874.0
2018-07-25,3164.0,3196.0,3155.0,3180.0,1015312.0,1981026.0
2018-07-26,3182.0,3207.0,3165.0,3200.0,1038174.0,1973382.0
2018-07-27,3212.0,3212.0,3173.0,3181.0,787092.0,1948662.0
2018-07-30,3189.0,3232.0,3183.0,3227.0,1030788.0,1994178.0
2018-07-31,3232.0,3246.0,3220.0,3228.0,823966.0,2014316.0
2018-08-01,3240.0,3264.0,3168.0,3181.0,2243784.0,1982688.0
2018-08-02,3190.0,3204.0,3180.0,3197.0,907108.0,1918298.0
2018-08-03,3200.0,3209.0,3160.0,3163.0,1258286.0,1940354.0
2018-08-06,3165.0,3205.0,3153.0,3203.0,1022506.0,1930268.0
2018-08-07,3202.0,3232.0,3187.0,3224.0,1034680.0,1964822.0
2018-08-08,3223.0,3302.0,3208.0,3289.0,1881458.0,2107088.0
2018-08-09,3290.0,3317.0,3271.0,3279.0,1820222.0,2212776.0
2018-08-10,3280.0,3299.0,3265.0,3279.0,1204398.0,2232768.0
2018-08-13,3278.0,3292.0,3175.0,3206.0,1692594.0,2110442.0
2018-08-14,3208.0,3264.0,3196.0,3260.0,1238714.0,2135920.0
2018-08-15,3274.0,3301.0,3262.0,3292.0,1560430.0,2196036.0
2018-08-16,3285.0,3304.0,3227.0,3240.0,2437910.0,2142962.0
2018-08-17,3240.0,3252.0,3219.0,3224.0,1225868.0,2141960.0
2018-08-20,3227.0,3246.0,3155.0,3183.0,1569454.0,2029418.0
2018-08-21,3190.0,3190.0,3166.0,3182.0,872858.0,2012098.0
2018-08-22,3181.0,3227.0,3168.0,3201.0,1250622.0,1989186.0
2018-08-23,3200.0,3216.0,3110.0,3116.0,2124674.0,2069168.0
2018-08-24,3110.0,3145.0,3107.0,3128.0,1291452.0,2003458.0
2018-08-27,3122.0,3142.0,3024.0,3042.0,2310716.0,1985740.0
2018-08-28,3041.0,3068.0,3036.0,3050.0,1131390.0,1974506.0
2018-08-29,3052.0,3077.0,3049.0,3067.0,1278066.0,2027680.0
2018-08-30,3076.0,3119.0,3071.0,3110.0,1580686.0,2053030.0
2018-08-31,3102.0,3123.0,3082.0,3102.0,1222598.0,2068572.0
2018-09-03,3103.0,3145.0,3097.0,3132.0,1243258.0,2104350.0
2018-09-04,3129.0,3138.0,3103.0,3120.0,1104616.0,2086890.0
2018-09-05,3121.0,3144.0,3112.0,3116.0,1199296.0,2148868.0
2018-09-06,3110.0,3123.0,3091.0,3120.0,1005120.0,2161102.0
2018-09-07,3121.0,3137.0,3105.0,3125.0,1443918.0,2282844.0
2018-09-10,3132.0,3217.0,3118.0,3178.0,2369574.0,2453370.0
2018-09-11,3184.0,3195.0,3166.0,3187.0,1166432.0,2416898.0
2018-09-12,3182.0,3203.0,3170.0,3183.0,1646158.0,2416328.0
2018-09-13,3180.0,3194.0,3077.0,3099.0,2389390.0,2305102.0
2018-09-14,3107.0,3136.0,3099.0,3120.0,1263198.0,2253972.0
2018-09-17,3120.0,3172.0,3117.0,3158.0,1199068.0,2258234.0
2018-09-18,3159.0,3203.0,3152.0,3179.0,1466530.0,2313430.0
2018-09-19,3178.0,3187.0,3161.0,3177.0,849728.0,2293980.0
2018-09-20,3181.0,3207.0,3164.0,3173.0,1348150.0,2274982.0
2018-09-21,3176.0,3203.0,3168.0,3195.0,1043204.0,2244290.0
2018-09-25,3210.0,3305.0,3210.0,3274.0,1680452.0,2440722.0
2018-09-26,3284.0,3318.0,3277.0,3292.0,1440310.0,2523788.0
2018-09-27,3292.0,3335.0,3275.0,3324.0,1068404.0,2546780.0
2018-09-28,3332.0,3376.0,3306.0,3367.0,1573216.0,2527708.0
2018-10-08,3420.0,3457.0,3412.0,3449.0,1127932.0,2572182.0
2018-10-09,3450.0,3528.0,3443.0,3487.0,2264030.0,2623758.0
2018-10-10,3481.0,3515.0,3463.0,3513.0,1718506.0,2667158.0
2018-10-11,3504.0,3539.0,3478.0,3497.0,2124362.0,2674894.0
2018-10-12,3497.0,3520.0,3431.0,3441.0,3036066.0,2473052.0
2018-10-15,3444.0,3469.0,3407.0,3433.0,2244296.0,2369964.0
2018-10-16,3432.0,3461.0,3402.0,3425.0,2169196.0,2248416.0
2018-10-17,3424.0,3449.0,3397.0,3449.0,1858400.0,2224800.0
2018-10-18,3449.0,3483.0,3421.0,3435.0,1827036.0,2162754.0
2018-10-19,3431.0,3458.0,3418.0,3440.0,1309668.0,2206576.0
2018-10-22,3439.0,3439.0,3370.0,3370.0,2364450.0,2048568.0
2018-10-23,3370.0,3386.0,3359.0,3370.0,1039214.0,2002558.0
2018-10-24,3370.0,3413.0,3363.0,3412.0,1240896.0,2030084.0
2018-10-25,3412.0,3424.0,3387.0,3391.0,1450086.0,1963770.0
2018-10-26,3394.0,3398.0,3368.0,3397.0,1461274.0,1946934.0
2018-10-29,3397.0,3410.0,3337.0,3349.0,1902240.0,1922534.0
2018-10-30,3349.0,3353.0,3293.0,3309.0,1583364.0,1802694.0
2018-10-31,3310.0,3329.0,3304.0,3307.0,896206.0,1736124.0
2018-11-01,3307.0,3322.0,3235.0,3260.0,1888050.0,1624698.0
2018-11-02,3262.0,3282.0,3105.0,3105.0,3109848.0,1434546.0
2018-11-05,3069.0,3150.0,3050.0,3142.0,2140842.0,1324000.0
2018-11-06,3150.0,3184.0,3149.0,3158.0,1420634.0,1342028.0
2018-11-07,3160.0,3208.0,3147.0,3198.0,1559352.0,1331240.0
2018-11-08,3195.0,3207.0,3104.0,3152.0,1701282.0,1292392.0
2018-11-09,3147.0,3157.0,3120.0,3142.0,1074606.0,1278676.0
2018-11-12,3142.0,3149.0,3115.0,3138.0,1037394.0,1263028.0
2018-11-13,3145.0,3156.0,3086.0,3119.0,1085110.0,1224648.0
2018-11-14,3118.0,3118.0,3058.0,3078.0,914578.0,1205222.0
2018-11-15,3082.0,3093.0,3034.0,3054.0,1088628.0,1187150.0
2018-11-16,3050.0,3164.0,3045.0,3158.0,1497636.0,1176176.0
2018-11-19,3158.0,3160.0,3121.0,3124.0,747900.0,1151176.0
2018-11-20,3121.0,3152.0,3090.0,3124.0,1238322.0,1132646.0
2018-11-21,3131.0,3181.0,3102.0,3170.0,1352148.0,1185116.0
2018-11-22,3168.0,3169.0,3131.0,3154.0,746114.0,1159160.0
2018-11-23,3156.0,3167.0,3070.0,3116.0,1134578.0,1101228.0
2018-11-26,3116.0,3121.0,3012.0,3040.0,1209226.0,1043592.0
2018-11-27,3037.0,3095.0,2998.0,3037.0,1071390.0,1016988.0
2018-11-28,2668.0,2707.0,2665.0,2699.0,328802.0,1108586.0
2018-11-29,2702.0,2733.0,2698.0,2720.0,445134.0,1123914.0
2018-11-30,2716.0,2729.0,2703.0,2716.0,322796.0,1156684.0
2018-12-03,2716.0,2746.0,2675.0,2720.0,854662.0,1186754.0
2018-12-04,2740.0,2740.0,2654.0,2682.0,979892.0,1195594.0
2018-12-05,2690.0,2725.0,2680.0,2718.0,807028.0,1129802.0
2018-12-06,2722.0,2744.0,2709.0,2716.0,747532.0,1093192.0
2018-12-07,2712.0,2730.0,2692.0,2711.0,818760.0,1124850.0
2018-12-10,2705.0,2718.0,2666.0,2681.0,881288.0,1198628.0
2018-12-11,2685.0,2697.0,2666.0,2684.0,791662.0,1196186.0
2018-12-12,2686.0,2705.0,2661.0,2701.0,858282.0,1212002.0
2018-12-13,2703.0,2711.0,2684.0,2702.0,837998.0,1231534.0
2018-12-14,2702.0,2707.0,2630.0,2662.0,1640344.0,1340982.0
2018-12-17,2665.0,2670.0,2641.0,2652.0,866592.0,1331402.0
2018-12-18,2650.0,2672.0,2640.0,2668.0,913908.0,1350440.0
2018-12-19,2672.0,2684.0,2660.0,2674.0,727882.0,1329938.0
2018-12-20,2676.0,2679.0,2651.0,2663.0,772440.0,1327000.0
2018-12-21,2670.0,2670.0,2641.0,2649.0,809714.0,1387934.0
2018-12-24,2647.0,2661.0,2604.0,2623.0,1313078.0,1509792.0
2018-12-25,2622.0,2641.0,2619.0,2631.0,918434.0,1488442.0
2018-12-26,2632.0,2641.0,2621.0,2634.0,758264.0,1470724.0
2018-12-27,2640.0,2652.0,2616.0,2625.0,840352.0,1505104.0
2018-12-28,2625.0,2633.0,2610.0,2625.0,769232.0,1486226.0
2019-01-02,2625.0,2649.0,2622.0,2646.0,493862.0,1482564.0
2019-01-03,2646.0,2664.0,2641.0,2661.0,737256.0,1475316.0
2019-01-04,2663.0,2703.0,2659.0,2698.0,1152956.0,1473888.0
2019-01-07,2695.0,2715.0,2685.0,2697.0,1069944.0,1443010.0
2019-01-08,2707.0,2708.0,2674.0,2677.0,807798.0,1435164.0
2019-01-09,2679.0,2682.0,2665.0,2674.0,779458.0,1457744.0
2019-01-10,2674.0,2688.0,2658.0,2670.0,946396.0,1469434.0
2019-01-11,2669.0,2673.0,2625.0,2628.0,1049460.0,1549208.0
2019-01-14,2629.0,2633.0,2556.0,2566.0,1632356.0,1683404.0
2019-01-15,2563.0,2583.0,2555.0,2577.0,919730.0,1694122.0
2019-01-16,2576.0,2584.0,2524.0,2535.0,1656302.0,1864480.0
2019-01-17,2537.0,2554.0,2531.0,2538.0,1159214.0,1959772.0
2019-01-18,2539.0,2567.0,2526.0,2560.0,1473842.0,1922604.0
2019-01-21,2569.0,2589.0,2556.0,2585.0,1328400.0,1908048.0
2019-01-22,2585.0,2594.0,2557.0,2580.0,1237308.0,1910048.0
2019-01-23,2584.0,2594.0,2565.0,2585.0,1150990.0,1873434.0
2019-01-24,2585.0,2611.0,2579.0,2599.0,1265934.0,1859338.0
2019-01-25,2596.0,2605.0,2575.0,2586.0,1035412.0,1831544.0
2019-01-28,2588.0,2597.0,2578.0,2582.0,809362.0,1823228.0
2019-01-29,2582.0,2587.0,2538.0,2560.0,1203676.0,1819752.0
2019-01-30,2561.0,2565.0,2547.0,2552.0,667690.0,1802732.0
2019-01-31,2555.0,2591.0,2554.0,2589.0,985564.0,1725146.0
2019-02-01,2590.0,2629.0,2575.0,2586.0,1385528.0,1658070.0
2019-02-11,2576.0,2610.0,2559.0,2602.0,943738.0,1703524.0
2019-02-12,2597.0,2623.0,2594.0,2616.0,1176262.0,1787732.0
2019-02-13,2616.0,2624.0,2591.0,2620.0,1191278.0,1753602.0
2019-02-14,2614.0,2635.0,2597.0,2605.0,1269320.0,1761050.0
2019-02-15,2605.0,2607.0,2572.0,2581.0,1066016.0,1742712.0
2019-02-18,2583.0,2602.0,2567.0,2574.0,1030752.0,1759244.0
2019-02-19,2575.0,2587.0,2569.0,2576.0,799778.0,1806396.0
2019-02-20,2572.0,2575.0,2515.0,2531.0,1970878.0,1968658.0
2019-02-21,2528.0,2546.0,2524.0,2535.0,1032460.0,1991298.0
2019-02-22,2544.0,2559.0,2538.0,2546.0,1033030.0,1981066.0
2019-02-25,2541.0,2552.0,2506.0,2522.0,1440726.0,2048370.0
2019-02-26,2528.0,2544.0,2515.0,2525.0,1280230.0,2042172.0
2019-02-27,2523.0,2524.0,2477.0,2480.0,1838758.0,2226784.0
2019-02-28,2480.0,2491.0,2467.0,2486.0,1252956.0,2239822.0
2019-03-01,2480.0,2530.0,2480.0,2512.0,3017588.0,2234236.0
2019-03-04,2518.0,2521.0,2474.0,2474.0,1962372.0,2322642.0
2019-03-05,2475.0,2502.0,2472.0,2484.0,1565600.0,2304092.0
2019-03-06,2488.0,2509.0,2481.0,2507.0,1530626.0,2236588.0
2019-03-07,2507.0,2528.0,2498.0,2525.0,1868900.0,2112204.0
2019-03-08,2530.0,2531.0,2506.0,2522.0,1707440.0,2019688.0
2019-03-11,2522.0,2541.0,2508.0,2524.0,1598650.0,1996190.0
2019-03-12,2523.0,2532.0,2502.0,2510.0,1349672.0,1950846.0
2019-03-13,2510.0,2535.0,2508.0,2534.0,1127098.0,1909734.0
2019-03-14,2526.0,2583.0,2518.0,2566.0,2375316.0,1758532.0
2019-03-15,2561.0,2577.0,2551.0,2566.0,1394024.0,1685408.0
2019-03-18,2566.0,2578.0,2541.0,2550.0,1313116.0,1650784.0
2019-03-19,2552.0,2566.0,2531.0,2539.0,1186084.0,1639760.0
2019-03-20,2545.0,2545.0,2525.0,2536.0,903132.0,1638932.0
2019-03-21,2537.0,2547.0,2530.0,2540.0,798286.0,1601572.0
2019-03-22,2542.0,2563.0,2531.0,2556.0,1125378.0,1565358.0
2019-03-25,2553.0,2567.0,2546.0,2555.0,835754.0,1521856.0
2019-03-26,2556.0,2570.0,2552.0,2557.0,784788.0,1478950.0
2019-03-27,2558.0,2564.0,2546.0,2556.0,799826.0,1443800.0
2019-03-28,2555.0,2555.0,2499.0,2504.0,1370752.0,1391580.0
2019-03-29,2505.0,2515.0,2487.0,2489.0,995404.0,1294790.0
2019-04-01,2577.0,2590.0,2568.0,2584.0,578362.0,1537910.0
2019-04-02,2585.0,2642.0,2585.0,2634.0,1252906.0,1591412.0
2019-04-03,2628.0,2653.0,2617.0,2634.0,1188004.0,1691460.0
2019-04-04,2635.0,2644.0,2619.0,2641.0,1143686.0,1743354.0
2019-04-08,2633.0,2661.0,2625.0,2639.0,1211372.0,1791770.0
2019-04-09,2636.0,2645.0,2612.0,2621.0,1385814.0,1830150.0
2019-04-10,2623.0,2629.0,2616.0,2621.0,865260.0,1881094.0
2019-04-11,2619.0,2637.0,2615.0,2628.0,1226324.0,1919362.0
2019-04-12,2624.0,2626.0,2595.0,2601.0,1623500.0,2010074.0
2019-04-15,2604.0,2635.0,2601.0,2632.0,1646362.0,2094176.0
2019-04-16,2635.0,2653.0,2626.0,2635.0,1757218.0,2106508.0
2019-04-17,2633.0,2639.0,2607.0,2614.0,1535220.0,2150254.0
2019-04-18,2611.0,2617.0,2589.0,2608.0,1470778.0,2237236.0
2019-04-19,2608.0,2621.0,2603.0,2611.0,1083162.0,2199140.0
2019-04-22,2609.0,2623.0,2594.0,2611.0,1585784.0,2216462.0
2019-04-23,2610.0,2618.0,2607.0,2612.0,1052896.0,2222684.0
2019-04-24,2612.0,2616.0,2590.0,2602.0,1426440.0,2199576.0
2019-04-25,2601.0,2608.0,2563.0,2567.0,2240324.0,2388836.0
2019-04-26,2566.0,2574.0,2555.0,2560.0,1452206.0,2359448.0
2019-04-29,2564.0,2575.0,2562.0,2566.0,987284.0,2313502.0
2019-04-30,2569.0,2575.0,2537.0,2569.0,1585016.0,2175894.0
2019-05-06,2581.0,2618.0,2577.0,2585.0,1816862.0,2003338.0
2019-05-07,2581.0,2615.0,2581.0,2600.0,1940376.0,1930194.0
2019-05-08,2602.0,2613.0,2594.0,2608.0,1219368.0,1971864.0
2019-05-09,2615.0,2706.0,2614.0,2690.0,4216534.0,2064166.0
2019-05-10,2695.0,2716.0,2633.0,2658.0,4480704.0,2022896.0
2019-05-13,2660.0,2686.0,2647.0,2659.0,2618516.0,2164314.0
2019-05-14,2666.0,2694.0,2646.0,2667.0,2568990.0,2226910.0
2019-05-15,2674.0,2695.0,2666.0,2695.0,1833828.0,2265302.0
2019-05-16,2705.0,2747.0,2700.0,2726.0,3345414.0,2299498.0
2019-05-17,2730.0,2751.0,2715.0,2719.0,2115538.0,2316344.0
2019-05-20,2723.0,2745.0,2712.0,2742.0,1859848.0,2358780.0
2019-05-21,2751.0,2805.0,2739.0,2786.0,2957462.0,2405134.0
2019-05-22,2791.0,2812.0,2747.0,2775.0,2799768.0,2375962.0
2019-05-23,2779.0,2803.0,2762.0,2771.0,2408982.0,2354086.0
2019-05-24,2769.0,2780.0,2747.0,2770.0,1628752.0,2301650.0
2019-05-27,2779.0,2846.0,2772.0,2827.0,2810430.0,2372744.0
2019-05-28,2832.0,2868.0,2815.0,2867.0,2340806.0,2378492.0
2019-05-29,2866.0,2954.0,2844.0,2954.0,3006180.0,2431586.0
2019-05-30,2969.0,2985.0,2870.0,2902.0,4563346.0,2149738.0
2019-05-31,2928.0,2940.0,2898.0,2923.0,2938010.0,2164710.0
2019-06-03,2915.0,2961.0,2884.0,2959.0,3373220.0,2155294.0
2019-06-04,2950.0,3031.0,2943.0,2982.0,5341574.0,2159882.0
2019-06-05,2979.0,3002.0,2947.0,2954.0,3232170.0,2201882.0
2019-06-06,2953.0,2958.0,2867.0,2874.0,3975558.0,1991974.0
2019-06-10,2850.0,2875.0,2823.0,2864.0,1712854.0,2004304.0
2019-06-11,2865.0,2893.0,2849.0,2868.0,2231398.0,1981676.0
2019-06-12,2873.0,2886.0,2841.0,2863.0,2583168.0,1958564.0
2019-06-13,2878.0,2952.0,2874.0,2917.0,3825140.0,1976798.0
2019-06-14,2918.0,2930.0,2900.0,2909.0,1829892.0,1928520.0
2019-06-17,2924.0,2981.0,2913.0,2973.0,2765514.0,1961066.0
2019-06-18,2975.0,2980.0,2923.0,2939.0,2243656.0,1932496.0
2019-06-19,2936.0,2947.0,2840.0,2884.0,3033902.0,1927390.0
2019-06-20,2879.0,2898.0,2859.0,2873.0,1893994.0,1882868.0
2019-06-21,2890.0,2924.0,2875.0,2880.0,2547300.0,1842588.0
2019-06-24,2875.0,2929.0,2860.0,2912.0,2567488.0,1912960.0
2019-06-25,2920.0,2930.0,2892.0,2906.0,2072900.0,1886594.0
2019-06-26,2905.0,2926.0,2861.0,2887.0,1963832.0,1868326.0
2019-06-27,2888.0,2905.0,2870.0,2880.0,1734606.0,1851940.0
2019-06-28,2882.0,2908.0,2855.0,2897.0,1969234.0,1841496.0
2019-07-01,2901.0,2950.0,2810.0,2865.0,3404356.0,1817364.0
2019-07-02,2869.0,2877.0,2815.0,2822.0,2083646.0,1839394.0
2019-07-03,2820.0,2826.0,2794.0,2818.0,1664490.0,1814266.0
2019-07-04,2830.0,2834.0,2785.0,2804.0,1524492.0,1800674.0
2019-07-05,2810.0,2814.0,2792.0,2804.0,1024530.0,1782008.0
2019-07-08,2804.0,2810.0,2771.0,2772.0,1553194.0,1710442.0
2019-07-09,2767.0,2771.0,2716.0,2759.0,2141798.0,1793678.0
2019-07-10,2753.0,2781.0,2747.0,2779.0,1580916.0,1727860.0
2019-07-11,2788.0,2803.0,2768.0,2789.0,1710938.0,1640844.0
2019-07-12,2789.0,2818.0,2777.0,2808.0,1462464.0,1611758.0
2019-07-15,2810.0,2874.0,2808.0,2861.0,1973384.0,1612090.0
2019-07-16,2851.0,2851.0,2799.0,2813.0,1597376.0,1582776.0
2019-07-17,2800.0,2840.0,2794.0,2828.0,1647962.0,1558084.0
2019-07-18,2840.0,2865.0,2824.0,2832.0,2063080.0,1496594.0
2019-07-19,2827.0,2847.0,2809.0,2840.0,1578836.0,1450356.0
2019-07-22,2852.0,2853.0,2785.0,2797.0,2070082.0,1425822.0
2019-07-23,2801.0,2815.0,2800.0,2814.0,1140988.0,1392298.0
2019-07-24,2805.0,2806.0,2769.0,2799.0,1584798.0,1357884.0
2019-07-25,2805.0,2818.0,2786.0,2810.0,1173604.0,1341414.0
2019-07-26,2810.0,2812.0,2764.0,2784.0,1606472.0,1272298.0
2019-07-29,2780.0,2797.0,2769.0,2770.0,976022.0,1264348.0
2019-07-30,2776.0,2806.0,2772.0,2789.0,1099566.0,1192940.0
2019-07-31,2785.0,2809.0,2781.0,2799.0,1098276.0,1176334.0
2019-08-01,2801.0,2807.0,2770.0,2773.0,1017964.0,1138210.0
2019-08-02,2773.0,2847.0,2746.0,2819.0,2175902.0,1022408.0
2019-08-05,2822.0,2891.0,2817.0,2864.0,1848706.0,990672.0
2019-08-06,2867.0,2916.0,2862.0,2867.0,1117138.0,1269404.0
2019-08-07,2873.0,2885.0,2861.0,2883.0,864056.0,1380196.0
2019-08-08,2881.0,2892.0,2859.0,2873.0,1203438.0,1473944.0
2019-08-09,2878.0,2915.0,2871.0,2899.0,1558076.0,1519590.0
2019-08-12,2903.0,2909.0,2866.0,2884.0,1399204.0,1519108.0
2019-08-13,2885.0,2964.0,2866.0,2940.0,2580020.0,1730994.0
2019-08-14,2935.0,2947.0,2823.0,2889.0,3130608.0,1714872.0
2019-08-15,2891.0,2895.0,2861.0,2867.0,1355676.0,1727826.0
2019-08-16,2880.0,2897.0,2848.0,2861.0,1382618.0,1746470.0
2019-08-19,2864.0,2880.0,2857.0,2877.0,1006408.0,1724626.0
2019-08-20,2874.0,2892.0,2861.0,2887.0,1264454.0,1798278.0
2019-08-21,2890.0,2906.0,2875.0,2898.0,1321862.0,1839938.0
2019-08-22,2901.0,2935.0,2896.0,2934.0,1419784.0,1917780.0
2019-08-23,2937.0,2969.0,2925.0,2958.0,2087998.0,2069268.0
2019-08-26,2980.0,3018.0,2932.0,2977.0,2858476.0,2232798.0
2019-08-27,2965.0,2972.0,2915.0,2935.0,1930292.0,2163334.0
2019-08-28,2933.0,2969.0,2932.0,2957.0,1468420.0,2234978.0
2019-08-29,2960.0,2996.0,2943.0,2987.0,1767838.0,2264230.0
2019-08-30,2970.0,2970.0,2932.0,2935.0,1524400.0,2193106.0
2019-09-02,2939.0,3004.0,2939.0,2974.0,2216534.0,2203466.0
2019-09-03,2980.0,3004.0,2974.0,2995.0,1530246.0,2266426.0
2019-09-04,2992.0,3016.0,2970.0,2973.0,1974480.0,2286138.0
2019-09-05,2978.0,2983.0,2917.0,2928.0,2190274.0,2255344.0
2019-09-06,2933.0,2938.0,2870.0,2885.0,2374230.0,2197102.0
2019-09-09,2888.0,2903.0,2848.0,2851.0,1987542.0,2092306.0
2019-09-10,2855.0,2876.0,2854.0,2867.0,1053786.0,2103040.0
2019-09-11,2872.0,2882.0,2837.0,2840.0,1745088.0,2072396.0
2019-09-12,2840.0,2865.0,2812.0,2858.0,1537774.0,1927166.0
2019-09-16,2822.0,2852.0,2810.0,2845.0,911088.0,1930424.0
2019-09-17,2845.0,2863.0,2838.0,2859.0,1227306.0,1937894.0
2019-09-18,2859.0,2870.0,2849.0,2863.0,1064228.0,1926274.0
2019-09-19,2862.0,2880.0,2852.0,2862.0,1353722.0,1929498.0
2019-09-20,2865.0,2872.0,2839.0,2863.0,1271152.0,1913452.0
2019-09-23,2865.0,2893.0,2853.0,2862.0,1539134.0,1855956.0
2019-09-24,2852.0,2861.0,2837.0,2845.0,1194036.0,1871788.0
2019-09-25,2848.0,2882.0,2844.0,2880.0,1757496.0,1734332.0
2019-09-26,2877.0,2881.0,2854.0,2860.0,1085302.0,1683184.0
2019-09-27,2865.0,2870.0,2841.0,2849.0,1007482.0,1656532.0
2019-09-30,2850.0,2886.0,2845.0,2880.0,973664.0,1601382.0
2019-10-08,2930.0,2945.0,2903.0,2910.0,1358160.0,1749910.0
2019-10-09,2910.0,2960.0,2910.0,2959.0,1741556.0,2012548.0
2019-10-10,2959.0,2964.0,2939.0,2957.0,1438582.0,1998854.0
2019-10-11,2960.0,2998.0,2948.0,2989.0,1862894.0,2153052.0
2019-10-14,2983.0,2988.0,2955.0,2969.0,2055550.0,2095194.0
2019-10-15,2968.0,2991.0,2962.0,2973.0,1527184.0,2141400.0
2019-10-16,2969.0,3003.0,2963.0,2970.0,1665760.0,2168038.0
2019-10-17,2972.0,2976.0,2953.0,2968.0,1233558.0,2164974.0
2019-10-18,2969.0,3019.0,2968.0,2986.0,2644642.0,2234162.0
2019-10-21,2985.0,3078.0,2981.0,3078.0,3218438.0,2441688.0
2019-10-22,3086.0,3086.0,3037.0,3059.0,2567156.0,2461088.0
2019-10-23,3057.0,3065.0,3040.0,3052.0,2025944.0,2420526.0
2019-10-24,3047.0,3063.0,3024.0,3047.0,2140276.0,2396534.0
2019-10-25,3046.0,3057.0,3031.0,3046.0,1598932.0,2344486.0
2019-10-28,3045.0,3046.0,2978.0,2982.0,2420174.0,2138512.0
2019-10-29,2986.0,2995.0,2975.0,2988.0,1205380.0,2063174.0
2019-10-30,2985.0,3011.0,2983.0,2989.0,1414560.0,2052146.0
2019-10-31,2988.0,3007.0,2955.0,2956.0,1807500.0,1967438.0
2019-11-01,2959.0,2971.0,2938.0,2968.0,1679610.0,1893170.0
2019-11-04,2869.0,2882.0,2864.0,2874.0,489406.0,2070052.0
2019-11-05,2875.0,2884.0,2855.0,2865.0,554074.0,2112208.0
2019-11-06,2855.0,2872.0,2818.0,2827.0,771538.0,2137806.0
2019-11-07,2827.0,2840.0,2808.0,2830.0,619638.0,2145016.0
2019-11-08,2826.0,2857.0,2812.0,2836.0,930416.0,2249536.0
2019-11-11,2836.0,2843.0,2788.0,2791.0,936828.0,2280028.0
2019-11-12,2790.0,2798.0,2760.0,2785.0,940690.0,2313036.0
2019-11-13,2785.0,2796.0,2781.0,2787.0,592510.0,2366232.0
2019-11-14,2788.0,2798.0,2768.0,2775.0,651178.0,2375166.0
2019-11-15,2773.0,2778.0,2741.0,2765.0,866308.0,2373012.0
2019-11-18,2765.0,2798.0,2765.0,2777.0,845544.0,2407908.0
2019-11-19,2780.0,2786.0,2760.0,2771.0,652808.0,2407346.0
2019-11-20,2774.0,2786.0,2763.0,2765.0,748196.0,2460014.0
2019-11-21,2765.0,2777.0,2753.0,2759.0,874828.0,2554398.0
2019-11-22,2759.0,2765.0,2741.0,2744.0,615236.0,2595196.0
2019-11-25,2741.0,2770.0,2731.0,2756.0,1007562.0,2600884.0
2019-11-26,2758.0,2782.0,2747.0,2761.0,1102486.0,2615120.0
2019-11-27,2761.0,2772.0,2735.0,2748.0,1190632.0,2686050.0
2019-11-28,2750.0,2757.0,2743.0,2754.0,832506.0,2688338.0
2019-11-29,2754.0,2774.0,2731.0,2769.0,2040666.0,2660752.0
2019-12-02,2774.0,2775.0,2736.0,2743.0,1564796.0,2761210.0
2019-12-03,2743.0,2761.0,2735.0,2753.0,1720320.0,2766230.0
2019-12-04,2765.0,2768.0,2736.0,2740.0,1552626.0,2835992.0
2019-12-05,2739.0,2757.0,2702.0,2755.0,2929618.0,2741424.0
2019-12-06,2754.0,2781.0,2743.0,2749.0,2578398.0,2801292.0
2019-12-09,2753.0,2785.0,2750.0,2776.0,2061710.0,2858034.0
2019-12-10,2779.0,2788.0,2756.0,2772.0,2057526.0,2998832.0
2019-12-11,2772.0,2795.0,2767.0,2783.0,2076738.0,3044352.0
2019-12-12,2783.0,2790.0,2762.0,2764.0,1653056.0,3120878.0
2019-12-13,2761.0,2765.0,2724.0,2741.0,2785494.0,3215254.0
2019-12-16,2742.0,2760.0,2739.0,2758.0,1915302.0,3115482.0
2019-12-17,2758.0,2767.0,2748.0,2754.0,1282150.0,3117236.0
2019-12-18,2754.0,2772.0,2750.0,2763.0,1438894.0,3101318.0
2019-12-19,2765.0,2768.0,2737.0,2741.0,1645620.0,3228350.0
2019-12-20,2743.0,2752.0,2733.0,2737.0,1417702.0,3238648.0
2019-12-23,2735.0,2760.0,2726.0,2752.0,1668664.0,3177702.0
2019-12-24,2757.0,2768.0,2749.0,2752.0,1394946.0,3183540.0
2019-12-25,2750.0,2754.0,2736.0,2742.0,1105732.0,3247966.0
2019-12-26,2740.0,2745.0,2725.0,2736.0,1221704.0,3302810.0
2019-12-27,2737.0,2743.0,2731.0,2735.0,1053736.0,3304670.0
2019-12-30,2737.0,2776.0,2733.0,2775.0,2871306.0,3362554.0
2019-12-31,2777.0,2790.0,2766.0,2772.0,2045228.0,3385712.0
2020-01-02,2780.0,2786.0,2766.0,2771.0,631920.0,1675406.0
2020-01-03,2772.0,2785.0,2760.0,2761.0,851662.0,1647025.0
2020-01-06,2757.0,2762.0,2728.0,2739.0,1002411.0,1656826.0
2020-01-07,2738.0,2748.0,2736.0,2743.0,565047.0,1649837.0
2020-01-08,2739.0,2742.0,2714.0,2727.0,1141168.0,1735101.0
2020-01-09,2729.0,2735.0,2705.0,2716.0,927967.0,1772734.0
2020-01-10,2719.0,2723.0,2666.0,2666.0,1353066.0,1737115.0
2020-01-13,2667.0,2682.0,2651.0,2655.0,1023036.0,1736527.0
2020-01-14,2654.0,2673.0,2651.0,2659.0,802524.0,1719176.0
2020-01-15,2663.0,2696.0,2663.0,2693.0,1031707.0,1646280.0
2020-01-16,2693.0,2693.0,2670.0,2689.0,716186.0,1613541.0
2020-01-17,2688.0,2690.0,2661.0,2682.0,702051.0,1568866.0
2020-01-20,2682.0,2692.0,2671.0,2681.0,463085.0,1547597.0
2020-01-21,2681.0,2718.0,2677.0,2710.0,900312.0,1471881.0
2020-01-22,2707.0,2708.0,2662.0,2678.0,741132.0,1430932.0
2020-01-23,2679.0,2682.0,2635.0,2640.0,698419.0,1422529.0
2020-02-03,2573.0,2596.0,2527.0,2580.0,820985.0,1308339.0
2020-02-04,2589.0,2653.0,2588.0,2649.0,764551.0,1319991.0
2020-02-05,2644.0,2654.0,2626.0,2635.0,496707.0,1324473.0
2020-02-06,2635.0,2643.0,2616.0,2637.0,534013.0,1335042.0
2020-02-07,2641.0,2648.0,2630.0,2634.0,295453.0,1332845.0
2020-02-10,2645.0,2663.0,2640.0,2656.0,573886.0,1316646.0
2020-02-11,2665.0,2667.0,2644.0,2657.0,455725.0,1299023.0
2020-02-12,2658.0,2664.0,2637.0,2641.0,481921.0,1313785.0
2020-02-13,2644.0,2688.0,2643.0,2684.0,877635.0,1319851.0
2020-02-14,2687.0,2689.0,2657.0,2668.0,603097.0,1305205.0
2020-02-17,2668.0,2687.0,2666.0,2681.0,397919.0,1305890.0
2020-02-18,2680.0,2681.0,2648.0,2656.0,559946.0,1322903.0
2020-02-19,2658.0,2666.0,2645.0,2660.0,414002.0,1318124.0
2020-02-20,2664.0,2674.0,2658.0,2664.0,465812.0,1305988.0
2020-02-21,2664.0,2682.0,2659.0,2661.0,465240.0,1297902.0
2020-02-24,2650.0,2654.0,2616.0,2619.0,595165.0,1322428.0
2020-02-25,2607.0,2637.0,2598.0,2636.0,435269.0,1288355.0
2020-02-26,2631.0,2642.0,2623.0,2638.0,396002.0,1258035.0
2020-02-27,2643.0,2668.0,2642.0,2646.0,578383.0,1237590.0
2020-02-28,2740.0,2745.0,2686.0,2687.0,577356.0,1291035.0
2020-03-02,2706.0,2798.0,2702.0,2786.0,802395.0,1330275.0
2020-03-03,2806.0,2815.0,2773.0,2790.0,651155.0,1435095.0
2020-03-04,2791.0,2809.0,2776.0,2782.0,423658.0,1480740.0
2020-03-05,2783.0,2797.0,2766.0,2788.0,400486.0,1506276.0
2020-03-06,2765.0,2779.0,2757.0,2773.0,423807.0,1524782.0
2020-03-09,2707.0,2762.0,2690.0,2728.0,882191.0,1447850.0
2020-03-10,2741.0,2758.0,2736.0,2755.0,438793.0,1439073.0
2020-03-11,2757.0,2765.0,2730.0,2733.0,479909.0,1456682.0
2020-03-12,2720.0,2736.0,2705.0,2721.0,626266.0,1421199.0
2020-03-13,2714.0,2763.0,2711.0,2758.0,1127417.0,1409523.0
2020-03-16,2740.0,2809.0,2738.0,2749.0,1447910.0,1444079.0
2020-03-17,2740.0,2785.0,2732.0,2770.0,1141677.0,1426770.0
2020-03-18,2770.0,2785.0,2750.0,2753.0,1029677.0,1454120.0
2020-03-19,2763.0,2773.0,2707.0,2732.0,1322206.0,1442757.0
2020-03-20,2800.0,2825.0,2777.0,2817.0,1458742.0,1425635.0
2020-03-23,2866.0,2915.0,2856.0,2915.0,1080772.0,1449492.0
2020-03-24,2935.0,2940.0,2892.0,2920.0,1577682.0,1498492.0
2020-03-25,2925.0,2982.0,2915.0,2965.0,1380721.0,1579995.0
2020-03-26,2930.0,2938.0,2881.0,2892.0,1430103.0,1610546.0
2020-03-27,2916.0,2947.0,2910.0,2928.0,1548461.0,1619639.0
2020-03-30,2955.0,3011.0,2948.0,2950.0,1495205.0,1714594.0
2020-03-31,2950.0,2956.0,2920.0,2940.0,1239161.0,1726368.0
2020-04-01,2939.0,2945.0,2839.0,2862.0,2167632.0,1689083.0
2020-04-02,2845.0,2858.0,2827.0,2848.0,1250565.0,1709988.0
2020-04-03,2830.0,2837.0,2799.0,2805.0,1319312.0,1683612.0
2020-04-07,2795.0,2824.0,2789.0,2807.0,910794.0,1710124.0
2020-04-08,2797.0,2827.0,2786.0,2821.0,895801.0,1761469.0
2020-04-09,2825.0,2839.0,2810.0,2822.0,937610.0,1780326.0
2020-04-10,2830.0,2846.0,2821.0,2826.0,795853.0,1742918.0
2020-04-13,2836.0,2851.0,2800.0,2804.0,960292.0,1785608.0
2020-04-14,2791.0,2810.0,2778.0,2808.0,933641.0,1789187.0
2020-04-15,2808.0,2820.0,2796.0,2811.0,848175.0,1831111.0
2020-04-16,2812.0,2816.0,2756.0,2760.0,1177591.0,1842453.0
2020-04-17,2763.0,2778.0,2755.0,2771.0,704905.0,1819261.0
2020-04-20,2760.0,2768.0,2730.0,2735.0,813330.0,1773244.0
2020-04-21,2721.0,2737.0,2713.0,2731.0,848039.0,1728233.0
2020-04-22,2748.0,2766.0,2736.0,2762.0,895897.0,1729515.0
2020-04-23,2762.0,2777.0,2753.0,2775.0,712264.0,1730075.0
2020-04-24,2770.0,2773.0,2751.0,2760.0,617821.0,1734845.0
2020-04-27,2750.0,2784.0,2739.0,2781.0,851558.0,1756077.0
2020-04-28,2774.0,2777.0,2728.0,2730.0,837191.0,1769962.0
2020-04-29,2721.0,2733.0,2715.0,2719.0,650995.0,1797945.0
2020-04-30,2730.0,2735.0,2718.0,2729.0,591338.0,1759413.0
2020-05-06,2740.0,2758.0,2734.0,2758.0,637394.0,1726974.0
2020-05-07,2757.0,2765.0,2744.0,2747.0,587442.0,1741742.0
2020-05-08,2750.0,2767.0,2745.0,2750.0,955506.0,1748908.0
2020-05-11,2755.0,2775.0,2730.0,2735.0,1001027.0,1749580.0
2020-05-12,2740.0,2747.0,2718.0,2738.0,808194.0,1754643.0
2020-05-13,2741.0,2748.0,2716.0,2727.0,849535.0,1762633.0
2020-05-14,2732.0,2734.0,2689.0,2697.0,1080190.0,1801977.0
2020-05-15,2700.0,2711.0,2695.0,2702.0,560501.0,1768817.0
2020-05-18,2701.0,2750.0,2700.0,2748.0,1116289.0,1690754.0
2020-05-19,2745.0,2747.0,2726.0,2738.0,647890.0,1685962.0
2020-05-20,2742.0,2761.0,2728.0,2757.0,769585.0,1674616.0
2020-05-21,2765.0,2765.0,2732.0,2742.0,710718.0,1656180.0
2020-05-22,2743.0,2773.0,2730.0,2754.0,1108961.0,1588520.0
2020-05-25,2758.0,2795.0,2755.0,2788.0,1436889.0,1620267.0
2020-05-26,2789.0,2795.0,2768.0,2789.0,787526.0,1605437.0
2020-05-27,2790.0,2832.0,2780.0,2818.0,1359964.0,1639237.0
2020-05-28,2823.0,2841.0,2792.0,2793.0,1140012.0,1596727.0
2020-05-29,2790.0,2808.0,2771.0,2804.0,996520.0,1550828.0
2020-06-01,2799.0,2831.0,2776.0,2789.0,1301383.0,1563333.0
2020-06-02,2805.0,2815.0,2778.0,2787.0,1003294.0,1590135.0
2020-06-03,2790.0,2810.0,2783.0,2801.0,713431.0,1571366.0
2020-06-04,2805.0,2849.0,2798.0,2833.0,1215149.0,1626551.0
2020-06-05,2836.0,2868.0,2831.0,2842.0,1128270.0,1586044.0
2020-06-08,2845.0,2847.0,2808.0,2809.0,1124703.0,1539433.0
2020-06-09,2813.0,2823.0,2797.0,2815.0,806574.0,1520200.0
2020-06-10,2810.0,2820.0,2801.0,2818.0,723782.0,1529887.0
2020-06-11,2821.0,2836.0,2788.0,2801.0,1195868.0,1494560.0
2020-06-12,2805.0,2836.0,2799.0,2832.0,1155086.0,1449080.0
2020-06-15,2832.0,2843.0,2801.0,2802.0,1174201.0,1429802.0
2020-06-16,2806.0,2838.0,2803.0,2835.0,795817.0,1411359.0
2020-06-17,2836.0,2836.0,2803.0,2815.0,828476.0,1401718.0
2020-06-18,2813.0,2824.0,2802.0,2816.0,673607.0,1374676.0
2020-06-19,2820.0,2821.0,2802.0,2811.0,706931.0,1359717.0
2020-06-22,2815.0,2837.0,2814.0,2823.0,950205.0,1300275.0
2020-06-23,2825.0,2861.0,2810.0,2810.0,1542177.0,1276198.0
2020-06-24,2815.0,2822.0,2807.0,2818.0,504909.0,1232521.0
2020-06-29,2810.0,2811.0,2791.0,2805.0,620453.0,1251411.0
2020-06-30,2810.0,2823.0,2805.0,2813.0,549058.0,1223572.0
2020-07-01,2818.0,2889.0,2816.0,2882.0,1440691.0,1294025.0
2020-07-02,2886.0,2909.0,2876.0,2898.0,1078847.0,1279565.0
2020-07-03,2901.0,2909.0,2888.0,2906.0,703764.0,1277843.0
2020-07-06,2905.0,2933.0,2894.0,2927.0,1125893.0,1251123.0
2020-07-07,2929.0,2939.0,2908.0,2910.0,937045.0,1225703.0
2020-07-08,2906.0,2920.0,2886.0,2897.0,827598.0,1191390.0
2020-07-09,2900.0,2912.0,2894.0,2905.0,727639.0,1193711.0
2020-07-10,2913.0,2933.0,2906.0,2919.0,882143.0,1181811.0
2020-07-13,2921.0,2928.0,2868.0,2875.0,1068557.0,1130593.0
2020-07-14,2873.0,2881.0,2855.0,2866.0,754280.0,1101578.0
2020-07-15,2868.0,2879.0,2861.0,2878.0,614282.0,1092578.0
2020-07-16,2875.0,2903.0,2867.0,2895.0,881152.0,1059088.0
2020-07-17,2899.0,2909.0,2886.0,2901.0,613907.0,1035941.0
2020-07-20,2901.0,2922.0,2886.0,2920.0,918183.0,1019350.0
2020-07-21,2919.0,2959.0,2904.0,2911.0,1240403.0,1001038.0
2020-07-22,2915.0,2930.0,2906.0,2928.0,707007.0,996719.0
2020-07-23,2940.0,2966.0,2925.0,2957.0,1146701.0,979254.0
2020-07-24,2955.0,3005.0,2949.0,3000.0,1303169.0,948099.0
2020-07-27,3000.0,3037.0,2975.0,3004.0,852158.0,1097538.0
2020-07-28,3012.0,3021.0,2921.0,2927.0,839953.0,1118840.0
2020-07-29,2930.0,2948.0,2925.0,2942.0,412872.0,1120698.0
2020-07-30,2940.0,2948.0,2913.0,2924.0,422810.0,1142727.0
2020-07-31,2924.0,2942.0,2905.0,2937.0,447741.0,1134003.0
2020-08-03,2938.0,2956.0,2924.0,2950.0,563200.0,1206602.0
2020-08-04,2950.0,2962.0,2922.0,2927.0,534497.0,1217165.0
2020-08-05,2926.0,2929.0,2884.0,2888.0,830226.0,1232530.0
2020-08-06,2888.0,2893.0,2860.0,2873.0,802493.0,1252247.0
2020-08-07,2875.0,2886.0,2862.0,2872.0,706578.0,1271824.0
2020-08-10,2872.0,2882.0,2839.0,2862.0,774654.0,1260417.0
2020-08-11,2860.0,2878.0,2849.0,2851.0,618671.0,1272912.0
2020-08-12,2859.0,2860.0,2843.0,2853.0,481922.0,1279785.0
2020-08-13,2853.0,2891.0,2831.0,2881.0,1195372.0,1301134.0
2020-08-14,2891.0,2917.0,2885.0,2895.0,963009.0,1305283.0
2020-08-17,2890.0,2913.0,2884.0,2908.0,865757.0,1329525.0
2020-08-18,2910.0,2937.0,2908.0,2916.0,822376.0,1356705.0
2020-08-19,2919.0,2920.0,2885.0,2901.0,801690.0,1383574.0
2020-08-20,2905.0,2922.0,2895.0,2901.0,709740.0,1383254.0
2020-08-21,2895.0,2897.0,2863.0,2885.0,797082.0,1361180.0
2020-08-24,2880.0,2893.0,2864.0,2886.0,570029.0,1349692.0
2020-08-25,2898.0,2928.0,2891.0,2919.0,845405.0,1365223.0
2020-08-26,2922.0,2949.0,2914.0,2934.0,752813.0,1396850.0
2020-08-27,2934.0,2935.0,2911.0,2921.0,643705.0,1383979.0
2020-08-28,2942.0,2955.0,2932.0,2937.0,983660.0,1406192.0
2020-08-31,2945.0,2993.0,2937.0,2981.0,903184.0,1400443.0
2020-09-01,2976.0,2980.0,2923.0,2942.0,879446.0,1366854.0
2020-09-02,2937.0,2952.0,2932.0,2940.0,455343.0,1383543.0
2020-09-03,2938.0,2959.0,2925.0,2933.0,773760.0,1357088.0
2020-09-04,2940.0,2974.0,2926.0,2973.0,899411.0,1378240.0
2020-09-07,2978.0,3010.0,2960.0,2992.0,1145871.0,1411324.0
2020-09-08,2993.0,3015.0,2982.0,2998.0,1112447.0,1425011.0
2020-09-09,2972.0,2993.0,2960.0,2978.0,992777.0,1360592.0
2020-09-10,2993.0,3019.0,2985.0,2996.0,1160669.0,1393423.0
2020-09-11,3003.0,3070.0,2992.0,3066.0,1567059.0,1551899.0
2020-09-14,3066.0,3152.0,3060.0,3118.0,1775350.0,1568786.0
2020-09-15,3114.0,3135.0,3092.0,3116.0,1131486.0,1581386.0
2020-09-16,3112.0,3123.0,3040.0,3064.0,1790702.0,1510569.0
2020-09-17,3074.0,3125.0,3066.0,3073.0,1761128.0,1507681.0
2020-09-18,3070.0,3170.0,3063.0,3153.0,1887816.0,1549826.0
2020-09-21,3151.0,3163.0,3122.0,3137.0,1301928.0,1538042.0
2020-09-22,3133.0,3148.0,3077.0,3096.0,1741754.0,1497567.0
2020-09-23,3112.0,3141.0,3065.0,3087.0,1945421.0,1470275.0
2020-09-24,3103.0,3142.0,3056.0,3089.0,2009056.0,1436734.0
2020-09-25,3085.0,3098.0,3067.0,3078.0,1162760.0,1381176.0
2020-09-28,3081.0,3111.0,3066.0,3094.0,1140897.0,1368436.0
2020-09-29,3100.0,3101.0,3063.0,3072.0,753609.0,1323026.0
2020-09-30,3068.0,3098.0,3052.0,3087.0,847564.0,1281133.0
2020-10-09,3220.0,3278.0,3202.0,3262.0,998801.0,1353700.0
2020-10-12,3257.0,3303.0,3241.0,3286.0,1469935.0,1389112.0
2020-10-13,3270.0,3279.0,3217.0,3238.0,1281866.0,1358785.0
2020-10-14,3231.0,3252.0,3210.0,3233.0,1002802.0,1336580.0
2020-10-15,3240.0,3250.0,3213.0,3231.0,999043.0,1311873.0
2020-10-16,3212.0,3279.0,3188.0,3275.0,1223241.0,1334625.0
2020-10-19,3280.0,3313.0,3228.0,3258.0,1532352.0,1308968.0
2020-10-20,3264.0,3310.0,3240.0,3283.0,1278598.0,1340831.0
2020-10-21,3283.0,3321.0,3269.0,3284.0,1454963.0,1355468.0
2020-10-22,3300.0,3309.0,3256.0,3270.0,1279218.0,1350434.0
2020-10-23,3280.0,3289.0,3233.0,3233.0,1187819.0,1319804.0
2020-10-26,3245.0,3284.0,3233.0,3249.0,1091076.0,1284346.0
2020-10-27,3245.0,3276.0,3230.0,3245.0,1007018.0,1262938.0
2020-10-28,3247.0,3266.0,3215.0,3248.0,997650.0,1244597.0
2020-10-29,3218.0,3220.0,3177.0,3202.0,1176278.0,1198878.0
2020-10-30,3191.0,3214.0,3185.0,3192.0,1008579.0,1180871.0
2020-11-02,3200.0,3214.0,3173.0,3174.0,913168.0,1167171.0
2020-11-03,3180.0,3201.0,3171.0,3189.0,676273.0,1154440.0
2020-11-04,3055.0,3078.0,3055.0,3072.0,445893.0,1200575.0
2020-11-05,3077.0,3164.0,3077.0,3160.0,928599.0,1286631.0
2020-11-06,3159.0,3185.0,3141.0,3150.0,682616.0,1330468.0
2020-11-09,3153.0,3159.0,3097.0,3105.0,843378.0,1327971.0
2020-11-10,3133.0,3139.0,3091.0,3115.0,841211.0,1358233.0
2020-11-11,3117.0,3219.0,3115.0,3212.0,1031034.0,1411508.0
2020-11-12,3208.0,3217.0,3178.0,3185.0,761154.0,1435682.0
2020-11-13,3180.0,3193.0,3143.0,3159.0,965410.0,1489255.0
2020-11-16,3170.0,3188.0,3133.0,3146.0,1105125.0,1531315.0
2020-11-17,3148.0,3172.0,3128.0,3167.0,976940.0,1564929.0
2020-11-18,3175.0,3196.0,3153.0,3171.0,1199779.0,1572646.0
2020-11-19,3181.0,3194.0,3163.0,3182.0,942480.0,1613409.0
2020-11-20,3168.0,3228.0,3153.0,3221.0,1214966.0,1660773.0
2020-11-23,3230.0,3277.0,3215.0,3264.0,1613097.0,1734638.0
2020-11-24,3270.0,3270.0,3231.0,3236.0,883573.0,1727485.0
2020-11-25,3230.0,3253.0,3214.0,3237.0,987154.0,1728524.0
2020-11-26,3239.0,3240.0,3203.0,3233.0,770305.0,1757196.0
2020-11-27,3230.0,3235.0,3203.0,3212.0,688081.0,1754127.0
2020-11-30,3216.0,3249.0,3188.0,3236.0,1426090.0,1742966.0
2020-12-01,3220.0,3227.0,3164.0,3165.0,1099659.0,1749987.0
2020-12-02,3171.0,3182.0,3115.0,3117.0,1103749.0,1750504.0
2020-12-03,3096.0,3114.0,3067.0,3096.0,1126469.0,1710923.0
2020-12-04,3108.0,3127.0,3081.0,3122.0,856461.0,1706665.0
2020-12-07,3110.0,3121.0,3076.0,3109.0,937613.0,1696013.0
2020-12-08,3094.0,3122.0,3090.0,3095.0,743101.0,1681533.0
2020-12-09,3085.0,3109.0,3077.0,3101.0,677703.0,1666728.0
2020-12-10,3106.0,3143.0,3103.0,3139.0,1041363.0,1660060.0
2020-12-11,3149.0,3161.0,3087.0,3089.0,1170788.0,1683054.0
2020-12-14,3082.0,3120.0,3078.0,3112.0,768976.0,1660419.0
2020-12-15,3118.0,3122.0,3070.0,3108.0,1041762.0,1644388.0
2020-12-16,3100.0,3151.0,3098.0,3143.0,945698.0,1624955.0
2020-12-17,3156.0,3168.0,3132.0,3149.0,1069280.0,1611333.0
2020-12-18,3139.0,3195.0,3127.0,3189.0,1090393.0,1601248.0
2020-12-21,3187.0,3299.0,3178.0,3298.0,1345868.0,1621367.0
2020-12-22,3283.0,3354.0,3245.0,3314.0,2003716.0,1617534.0
2020-12-23,3320.0,3362.0,3281.0,3321.0,1500794.0,1607387.0
2020-12-24,3348.0,3349.0,3304.0,3307.0,1134019.0,1626317.0
2020-12-25,3311.0,3327.0,3266.0,3303.0,1175720.0,1601258.0
2020-12-28,3304.0,3349.0,3292.0,3307.0,1172382.0,1590674.0
2020-12-29,3313.0,3315.0,3256.0,3274.0,1017208.0,1572292.0
2020-12-30,3274.0,3394.0,3262.0,3363.0,1497846.0,1580428.0
2020-12-31,3363.0,3480.0,3358.0,3479.0,1591948.0,1656152.0
2021-01-04,3477.0,3544.0,3458.0,3483.0,1236212.0,1669465.0
2021-01-05,3485.0,3505.0,3429.0,3483.0,1409491.0,1658509.0
2021-01-06,3486.0,3550.0,3475.0,3535.0,1499101.0,1705283.0
2021-01-07,3548.0,3559.0,3496.0,3517.0,1214440.0,1682718.0
2021-01-08,3510.0,3545.0,3480.0,3536.0,1406258.0,1696312.0
2021-01-11,3548.0,3657.0,3523.0,3619.0,2091759.0,1720950.0
2021-01-12,3628.0,3653.0,3595.0,3635.0,1620923.0,1758261.0
2021-01-13,3645.0,3825.0,3630.0,3775.0,2110513.0,1787399.0
2021-01-14,3767.0,3773.0,3711.0,3736.0,1531539.0,1747883.0
2021-01-15,3749.0,3785.0,3702.0,3717.0,1435325.0,1710357.0
2021-01-18,3732.0,3738.0,3652.0,3677.0,1467855.0,1646177.0
2021-01-19,3677.0,3712.0,3639.0,3665.0,1259068.0,1621366.0
2021-01-20,3680.0,3680.0,3501.0,3534.0,2343092.0,1544206.0
2021-01-21,3532.0,3582.0,3515.0,3571.0,1226411.0,1563855.0
2021-01-22,3583.0,3588.0,3464.0,3481.0,1749260.0,1499347.0
2021-01-25,3455.0,3533.0,3393.0,3423.0,1864471.0,1461306.0
2021-01-26,3418.0,3486.0,3416.0,3432.0,1224106.0,1453658.0
2021-01-27,3460.0,3546.0,3449.0,3518.0,1579393.0,1457266.0
2021-01-28,3521.0,3528.0,3465.0,3483.0,1187400.0,1444940.0
2021-01-29,3520.0,3520.0,3404.0,3484.0,1291991.0,1413263.0
2021-02-01,3478.0,3518.0,3425.0,3485.0,1311557.0,1386514.0
2021-02-02,3484.0,3484.0,3415.0,3418.0,1189886.0,1401930.0
2021-02-03,3405.0,3419.0,3364.0,3410.0,1373970.0,1358059.0
2021-02-04,3410.0,3489.0,3396.0,3482.0,1183489.0,1345029.0
2021-02-05,3482.0,3527.0,3474.0,3515.0,1200990.0,1322305.0
2021-02-08,3517.0,3527.0,3445.0,3460.0,1159714.0,1306611.0
2021-02-09,3463.0,3550.0,3449.0,3520.0,1134890.0,1296979.0
2021-02-10,3524.0,3525.0,3454.0,3470.0,923785.0,1265212.0
2021-02-18,3470.0,3509.0,3462.0,3492.0,670156.0,1299312.0
2021-02-19,3482.0,3518.0,3433.0,3462.0,1281592.0,1343873.0
2021-02-22,3470.0,3528.0,3464.0,3505.0,1445592.0,1358290.0
2021-02-23,3495.0,3596.0,3467.0,3591.0,1604197.0,1366996.0
2021-02-24,3585.0,3603.0,3559.0,3591.0,1259248.0,1340266.0
2021-02-25,3603.0,3638.0,3565.0,3574.0,1515413.0,1330325.0
2021-02-26,3590.0,3590.0,3413.0,3427.0,2297401.0,1294309.0
2021-03-01,3404.0,3464.0,3394.0,3422.0,1515517.0,1282399.0
2021-03-02,3423.0,3469.0,3334.0,3351.0,1472238.0,1296872.0
2021-03-03,3356.0,3426.0,3356.0,3403.0,1037796.0,1246090.0
2021-03-04,3397.0,3399.0,3343.0,3351.0,1181133.0,1229187.0
2021-03-05,3362.0,3390.0,3307.0,3364.0,1291459.0,1201030.0
2021-03-08,3364.0,3445.0,3345.0,3414.0,1292146.0,1149004.0
2021-03-09,3414.0,3415.0,3340.0,3348.0,1134937.0,1151573.0
2021-03-10,3360.0,3361.0,3256.0,3269.0,1588777.0,1161011.0
2021-03-11,3254.0,3268.0,3153.0,3198.0,1721617.0,1107869.0
2021-03-12,3198.0,3229.0,3188.0,3210.0,1089584.0,1084597.0
2021-03-15,3200.0,3225.0,3154.0,3213.0,1196626.0,1026132.0
2021-03-16,3221.0,3251.0,3181.0,3232.0,1171494.0,973224.0
2021-03-17,3308.0,3359.0,3301.0,3342.0,601624.0,1087748.0
2021-03-18,3340.0,3366.0,3310.0,3332.0,490824.0,1089157.0
2021-03-19,3326.0,3346.0,3300.0,3331.0,646967.0,1115943.0
2021-03-22,3333.0,3386.0,3322.0,3370.0,634614.0,1149996.0
2021-03-23,3367.0,3369.0,3297.0,3349.0,734091.0,1190772.0
2021-03-24,3345.0,3394.0,3335.0,3382.0,633818.0,1244903.0
2021-03-25,3382.0,3430.0,3382.0,3397.0,539776.0,1260083.0
2021-03-26,3380.0,3445.0,3371.0,3437.0,698417.0,1292918.0
2021-03-29,3437.0,3444.0,3388.0,3404.0,593461.0,1305085.0
2021-03-30,3387.0,3405.0,3366.0,3398.0,538752.0,1326933.0
2021-03-31,3398.0,3420.0,3357.0,3383.0,606048.0,1337707.0
2021-04-01,3390.0,3610.0,3386.0,3524.0,1612227.0,1464470.0
2021-04-02,3525.0,3540.0,3473.0,3507.0,1083539.0,1478612.0
2021-04-06,3515.0,3522.0,3482.0,3490.0,629478.0,1491452.0
2021-04-07,3515.0,3555.0,3488.0,3547.0,1008858.0,1566336.0
2021-04-08,3547.0,3547.0,3495.0,3517.0,921377.0,1536006.0
2021-04-09,3515.0,3541.0,3495.0,3524.0,941890.0,1546427.0
2021-04-12,3533.0,3548.0,3447.0,3453.0,1221623.0,1547079.0
2021-04-13,3447.0,3469.0,3423.0,3442.0,889336.0,1547824.0
2021-04-14,3441.0,3451.0,3411.0,3422.0,757873.0,1559820.0
2021-04-15,3428.0,3475.0,3427.0,3468.0,772048.0,1568754.0
2021-04-16,3479.0,3528.0,3462.0,3515.0,1125763.0,1528665.0
2021-04-19,3515.0,3554.0,3498.0,3542.0,884748.0,1566941.0
2021-04-20,3558.0,3592.0,3529.0,3570.0,1022365.0,1615381.0
2021-04-21,3579.0,3599.0,3561.0,3580.0,900950.0,1621101.0
2021-04-22,3560.0,3653.0,3544.0,3629.0,1158903.0,1653565.0
2021-04-23,3632.0,3664.0,3613.0,3647.0,1009062.0,1664789.0
2021-04-26,3630.0,3692.0,3608.0,3649.0,1253629.0,1656745.0
2021-04-27,3662.0,3705.0,3648.0,3682.0,1310327.0,1672017.0
2021-04-28,3682.0,3684.0,3558.0,3613.0,1516284.0,1627540.0
2021-04-29,3618.0,3632.0,3583.0,3587.0,1004010.0,1591283.0
2021-04-30,3592.0,3613.0,3554.0,3575.0,1105012.0,1529195.0
2021-05-06,3648.0,3689.0,3632.0,3669.0,764619.0,1560692.0
2021-05-07,3672.0,3767.0,3670.0,3709.0,1221530.0,1576381.0
2021-05-10,3712.0,3714.0,3651.0,3689.0,1270788.0,1524429.0
2021-05-11,3695.0,3702.0,3642.0,3674.0,1086497.0,1486066.0
2021-05-12,3691.0,3788.0,3690.0,3769.0,1501679.0,1465429.0
2021-05-13,3762.0,3775.0,3650.0,3678.0,1414297.0,1404865.0
2021-05-14,3657.0,3664.0,3579.0,3607.0,1413879.0,1371905.0
2021-05-17,3610.0,3626.0,3564.0,3606.0,1045727.0,1384898.0
2021-05-18,3620.0,3638.0,3598.0,3623.0,832477.0,1379714.0
2021-05-19,3623.0,3630.0,3556.0,3571.0,1053479.0,1385991.0
2021-05-20,3556.0,3570.0,3518.0,3567.0,1055398.0,1372549.0
2021-05-21,3558.0,3558.0,3515.0,3524.0,984645.0,1371742.0
2021-05-24,3528.0,3542.0,3479.0,3528.0,991746.0,1357043.0
2021-05-25,3530.0,3556.0,3518.0,3538.0,846481.0,1340672.0
2021-05-26,3522.0,3538.0,3486.0,3508.0,906626.0,1333543.0
2021-05-27,3499.0,3518.0,3461.0,3472.0,1094576.0,1339979.0
2021-05-28,3482.0,3576.0,3482.0,3532.0,1002544.0,1272668.0
2021-05-31,3516.0,3547.0,3509.0,3521.0,778152.0,1273544.0
2021-06-01,3527.0,3572.0,3517.0,3541.0,808073.0,1257383.0
2021-06-02,3562.0,3595.0,3555.0,3567.0,958498.0,1237217.0
2021-06-03,3569.0,3604.0,3539.0,3604.0,1184488.0,1275413.0
2021-06-04,3589.0,3602.0,3521.0,3535.0,1093693.0,1275995.0
2021-06-07,3555.0,3633.0,3549.0,3622.0,1180858.0,1260414.0
2021-06-08,3643.0,3647.0,3584.0,3615.0,1175397.0,1220341.0
2021-06-09,3615.0,3658.0,3600.0,3619.0,1130676.0,1250252.0
2021-06-10,3610.0,3632.0,3604.0,3628.0,866223.0,1258737.0
2021-06-11,3639.0,3667.0,3619.0,3642.0,1169743.0,1263317.0
2021-06-15,3555.0,3565.0,3479.0,3494.0,1238722.0,1250055.0
2021-06-16,3493.0,3501.0,3470.0,3474.0,939399.0,1237569.0
2021-06-17,3480.0,3495.0,3420.0,3450.0,1121431.0,1216818.0
2021-06-18,3427.0,3444.0,3310.0,3373.0,1533318.0,1165339.0
2021-06-21,3402.0,3426.0,3383.0,3394.0,961505.0,1161999.0
2021-06-22,3380.0,3428.0,3380.0,3393.0,783401.0,1168965.0
2021-06-23,3398.0,3415.0,3377.0,3384.0,983472.0,1196867.0
2021-06-24,3380.0,3404.0,3356.0,3390.0,1007880.0,1192806.0
2021-06-25,3370.0,3403.0,3353.0,3397.0,970643.0,1195545.0
2021-06-28,3405.0,3450.0,3365.0,3448.0,1283287.0,1177129.0
2021-06-29,3444.0,3475.0,3435.0,3458.0,921731.0,1132818.0
2021-06-30,3474.0,3499.0,3445.0,3486.0,811367.0,1123267.0
2021-07-01,3486.0,3650.0,3464.0,3639.0,1479674.0,1151617.0
2021-07-02,3666.0,3699.0,3661.0,3694.0,1161707.0,1219719.0
2021-07-05,3696.0,3702.0,3622.0,3655.0,1001257.0,1172537.0
2021-07-06,3655.0,3666.0,3626.0,3634.0,631577.0,1159976.0
2021-07-07,3634.0,3635.0,3535.0,3571.0,1314132.0,1108109.0
2021-07-08,3560.0,3590.0,3551.0,3584.0,831244.0,1104573.0
2021-07-09,3563.0,3603.0,3554.0,3580.0,953837.0,1102340.0
2021-07-12,3568.0,3609.0,3555.0,3590.0,1075229.0,1099178.0
2021-07-13,3590.0,3633.0,3582.0,3613.0,786589.0,1093692.0
2021-07-14,3623.0,3637.0,3589.0,3625.0,889543.0,1080709.0
2021-07-15,3636.0,3678.0,3627.0,3662.0,805020.0,1094807.0
2021-07-16,3651.0,3670.0,3645.0,3663.0,628229.0,1092417.0
2021-07-19,3678.0,3767.0,3676.0,3709.0,1031235.0,1110889.0
2021-07-20,3700.0,3711.0,3642.0,3704.0,874396.0,1099814.0
2021-07-21,3713.0,3736.0,3648.0,3678.0,944743.0,1046855.0
2021-07-22,3686.0,3696.0,3618.0,3622.0,827007.0,991347.0
2021-07-23,3601.0,3607.0,3558.0,3578.0,805566.0,979039.0
2021-07-26,3580.0,3588.0,3496.0,3503.0,877331.0,922833.0
2021-07-27,3512.0,3550.0,3489.0,3533.0,782014.0,912712.0
2021-07-28,3548.0,3593.0,3546.0,3553.0,684783.0,896609.0
2021-07-29,3568.0,3625.0,3567.0,3623.0,729341.0,859247.0
2021-07-30,3632.0,3655.0,3607.0,3652.0,658938.0,851649.0
2021-08-02,3630.0,3642.0,3558.0,3636.0,858987.0,815907.0
2021-08-03,3643.0,3646.0,3591.0,3625.0,603991.0,790847.0
2021-08-04,3600.0,3617.0,3570.0,3588.0,695429.0,755362.0
2021-08-05,3581.0,3596.0,3556.0,3558.0,644865.0,703427.0
2021-08-06,3525.0,3554.0,3516.0,3535.0,488593.0,821165.0
2021-08-09,3544.0,3585.0,3538.0,3572.0,664630.0,861936.0
2021-08-10,3561.0,3595.0,3559.0,3591.0,530320.0,905191.0
2021-08-11,3584.0,3597.0,3569.0,3586.0,721521.0,957216.0
2021-08-12,3586.0,3596.0,3507.0,3523.0,1038827.0,1014540.0
2021-08-13,3539.0,3623.0,3513.0,3620.0,1265984.0,1110610.0
2021-08-16,3623.0,3650.0,3604.0,3639.0,1104127.0,1189188.0
2021-08-17,3632.0,3651.0,3609.0,3637.0,918974.0,1212065.0
2021-08-18,3642.0,3643.0,3583.0,3608.0,1029992.0,1199510.0
2021-08-19,3608.0,3617.0,3543.0,3551.0,1043105.0,1127536.0
2021-08-20,3528.0,3545.0,3508.0,3534.0,1051336.0,1132694.0
2021-08-23,3526.0,3533.0,3477.0,3485.0,1096229.0,1172360.0
2021-08-24,3485.0,3507.0,3463.0,3493.0,930864.0,1221203.0
2021-08-25,3493.0,3525.0,3491.0,3502.0,809277.0,1245724.0
2021-08-26,3511.0,3529.0,3490.0,3511.0,943286.0,1231631.0
2021-08-27,3518.0,3518.0,3487.0,3501.0,829503.0,1225093.0
2021-08-30,3504.0,3545.0,3491.0,3525.0,931175.0,1211934.0
2021-08-31,3525.0,3531.0,3481.0,3517.0,962111.0,1210945.0
2021-09-01,3506.0,3516.0,3479.0,3491.0,827234.0,1241813.0
2021-09-02,3491.0,3520.0,3460.0,3504.0,1126822.0,1204639.0
2021-09-03,3504.0,3511.0,3484.0,3487.0,877621.0,1199713.0
2021-09-06,3489.0,3499.0,3462.0,3486.0,885267.0,1234916.0
2021-09-07,3486.0,3533.0,3481.0,3524.0,869371.0,1214148.0
2021-09-08,3518.0,3527.0,3485.0,3486.0,963660.0,1228401.0
2021-09-09,3494.0,3499.0,3451.0,3468.0,1120175.0,1286089.0
2021-09-10,3468.0,3500.0,3458.0,3500.0,1003851.0,1286898.0
2021-09-13,3503.0,3547.0,3503.0,3530.0,1175783.0,1235779.0
2021-09-14,3528.0,3553.0,3508.0,3545.0,958992.0,1269044.0
2021-09-15,3545.0,3552.0,3526.0,3534.0,761338.0,1269020.0
2021-09-16,3538.0,3550.0,3510.0,3548.0,975809.0,1294526.0
2021-09-17,3549.0,3591.0,3548.0,3570.0,1212982.0,1279393.0
2021-09-22,3560.0,3567.0,3530.0,3536.0,690874.0,1259069.0
2021-09-23,3540.0,3563.0,3533.0,3535.0,791091.0,1259428.0
2021-09-24,3535.0,3546.0,3508.0,3510.0,848549.0,1265412.0
2021-09-27,3510.0,3539.0,3487.0,3538.0,967720.0,1242631.0
2021-09-28,3538.0,3546.0,3488.0,3491.0,968792.0,1208610.0
2021-09-29,3490.0,3500.0,3465.0,3478.0,862359.0,1201069.0
2021-09-30,3483.0,3490.0,3457.0,3464.0,707276.0,1192578.0
2021-10-08,3370.0,3390.0,3335.0,3350.0,1009296.0,1255563.0
2021-10-11,3350.0,3368.0,3311.0,3325.0,1074156.0,1306079.0
2021-10-12,3325.0,3325.0,3259.0,3299.0,1018785.0,1300521.0
2021-10-13,3294.0,3294.0,3232.0,3236.0,986288.0,1292436.0
2021-10-14,3236.0,3272.0,3203.0,3265.0,914346.0,1237860.0
2021-10-15,3266.0,3279.0,3248.0,3263.0,650096.0,1240163.0
2021-10-18,3277.0,3288.0,3224.0,3230.0,852467.0,1207724.0
2021-10-19,3220.0,3239.0,3197.0,3224.0,736948.0,1200041.0
2021-10-20,3231.0,3271.0,3222.0,3237.0,932191.0,1194510.0
2021-10-21,3242.0,3273.0,3228.0,3254.0,861723.0,1165909.0
2021-10-22,3248.0,3288.0,3222.0,3278.0,1027191.0,1131262.0
2021-10-25,3278.0,3323.0,3252.0,3289.0,1034276.0,1160912.0
2021-10-26,3293.0,3293.0,3250.0,3270.0,724786.0,1187943.0
2021-10-27,3268.0,3269.0,3233.0,3257.0,693550.0,1179850.0
2021-10-28,3250.0,3279.0,3234.0,3259.0,896423.0,1167928.0
2021-10-29,3255.0,3277.0,3231.0,3233.0,831293.0,1199078.0
2021-11-01,3223.0,3243.0,3148.0,3159.0,1164956.0,1183374.0
2021-11-02,3170.0,3179.0,3138.0,3143.0,757375.0,1155811.0
2021-11-03,3143.0,3169.0,3109.0,3130.0,848514.0,1125611.0
2021-11-04,3130.0,3153.0,3102.0,3135.0,731341.0,1105982.0
2021-11-05,3140.0,3144.0,3033.0,3051.0,931409.0,1085261.0
2021-11-08,3045.0,3105.0,3023.0,3088.0,968827.0,1033096.0
2021-11-09,3079.0,3103.0,3045.0,3091.0,700329.0,1015462.0
2021-11-10,3097.0,3149.0,3078.0,3123.0,701487.0,983753.0
2021-11-11,3122.0,3165.0,3115.0,3159.0,574024.0,971397.0
2021-11-12,3164.0,3174.0,3137.0,3155.0,623063.0,897464.0
2021-11-15,3155.0,3196.0,3128.0,3161.0,628325.0,882818.0
2021-11-16,3181.0,3209.0,3168.0,3192.0,531164.0,882585.0
2021-11-17,3194.0,3201.0,3165.0,3188.0,541531.0,870767.0
2021-11-18,3200.0,3232.0,3183.0,3213.0,601847.0,860876.0
2021-11-19,3217.0,3232.0,3182.0,3218.0,583518.0,860982.0
2021-11-22,3200.0,3212.0,3175.0,3202.0,673075.0,822959.0
2021-11-23,3202.0,3255.0,3194.0,3245.0,629386.0,827419.0
2021-11-24,3085.0,3100.0,3069.0,3097.0,271587.0,885070.0
2021-11-25,3097.0,3117.0,3055.0,3075.0,298635.0,898919.0
2021-11-26,3087.0,3087.0,3055.0,3067.0,224944.0,897679.0
2021-11-29,3065.0,3082.0,3014.0,3081.0,407054.0,904296.0
2021-11-30,3084.0,3095.0,3037.0,3045.0,339007.0,918506.0
2021-12-01,3045.0,3052.0,3025.0,3049.0,317023.0,934760.0
2021-12-02,3049.0,3057.0,3016.0,3051.0,377561.0,955511.0
2021-12-03,3051.0,3107.0,3048.0,3105.0,441421.0,1017986.0
2021-12-06,3107.0,3113.0,3069.0,3080.0,508591.0,1039224.0
2021-12-07,3077.0,3079.0,3037.0,3043.0,662140.0,1050786.0
2021-12-08,3043.0,3050.0,3021.0,3037.0,566631.0,1047536.0
2021-12-09,3034.0,3111.0,3023.0,3096.0,862760.0,1109751.0
2021-12-10,3086.0,3138.0,3077.0,3124.0,809073.0,1176444.0
2021-12-13,3130.0,3155.0,3118.0,3124.0,704516.0,1208914.0
2021-12-14,3114.0,3129.0,3071.0,3073.0,868554.0,1164929.0
2021-12-15,3083.0,3148.0,3082.0,3124.0,1089715.0,1237025.0
2021-12-16,3134.0,3176.0,3107.0,3168.0,1010061.0,1285138.0
2021-12-17,3167.0,3178.0,3146.0,3174.0,706739.0,1319789.0
2021-12-20,3180.0,3180.0,3138.0,3159.0,850416.0,1279944.0
2021-12-21,3151.0,3183.0,3145.0,3153.0,781166.0,1299656.0
2021-12-22,3147.0,3198.0,3140.0,3179.0,827218.0,1308354.0
2021-12-23,3187.0,3248.0,3186.0,3246.0,1125843.0,1384424.0
2021-12-24,3230.0,3272.0,3224.0,3263.0,805794.0,1399752.0
2021-12-27,3265.0,3268.0,3226.0,3230.0,726395.0,1371882.0
2021-12-28,3248.0,3290.0,3231.0,3257.0,1054025.0,1396194.0
2021-12-29,3259.0,3260.0,3205.0,3226.0,869507.0,1383950.0
2021-12-30,3202.0,3247.0,3191.0,3234.0,739453.0,1401816.0
2021-12-31,3215.0,3217.0,3170.0,3189.0,875469.0,1388687.0
2022-01-04,3220.0,3263.0,3218.0,3250.0,625772.0,1424194.0
2022-01-05,3242.0,3298.0,3238.0,3293.0,787718.0,1453763.0
2022-01-06,3283.0,3285.0,3212.0,3215.0,1031941.0,1416152.0
2022-01-07,3225.0,3245.0,3215.0,3225.0,697417.0,1396599.0
2022-01-10,3230.0,3283.0,3206.0,3231.0,1035124.0,1373919.0
2022-01-11,3241.0,3260.0,3221.0,3229.0,715204.0,1364909.0
2022-01-12,3229.0,3259.0,3198.0,3247.0,895344.0,1374316.0
2022-01-13,3233.0,3259.0,3210.0,3243.0,947940.0,1368176.0
2022-01-14,3230.0,3232.0,3178.0,3186.0,906804.0,1383324.0
2022-01-17,3195.0,3205.0,3144.0,3170.0,966711.0,1387885.0
2022-01-18,3174.0,3176.0,3144.0,3156.0,639618.0,1403804.0
2022-01-19,3143.0,3183.0,3121.0,3177.0,856746.0,1388303.0
2022-01-20,3184.0,3247.0,3175.0,3243.0,1007446.0,1351217.0
2022-01-21,3239.0,3281.0,3228.0,3270.0,941279.0,1302675.0
2022-01-24,3278.0,3282.0,3244.0,3253.0,835944.0,1313246.0
2022-01-25,3249.0,3253.0,3207.0,3248.0,762507.0,1273850.0
2022-01-26,3242.0,3267.0,3235.0,3260.0,634022.0,1263818.0
2022-01-27,3269.0,3379.0,3268.0,3338.0,1231088.0,1285356.0
2022-01-28,3358.0,3393.0,3345.0,3378.0,863987.0,1238750.0
2022-02-07,3634.0,3636.0,3614.0,3636.0,223073.0,1227362.0
2022-02-08,3710.0,3754.0,3683.0,3695.0,1480421.0,1301272.0
2022-02-09,3705.0,3764.0,3688.0,3748.0,1420390.0,1427058.0
2022-02-10,3754.0,3843.0,3733.0,3814.0,1538508.0,1472010.0
2022-02-11,3850.0,3903.0,3731.0,3745.0,1840992.0,1441043.0
2022-02-14,3781.0,3794.0,3709.0,3724.0,1349966.0,1408680.0
2022-02-15,3698.0,3723.0,3659.0,3687.0,1388308.0,1361717.0
2022-02-16,3655.0,3727.0,3646.0,3708.0,1197867.0,1360212.0
2022-02-17,3708.0,3778.0,3660.0,3769.0,1409416.0,1376629.0
2022-02-18,3785.0,3824.0,3746.0,3781.0,1274942.0,1351180.0
2022-02-21,3785.0,3817.0,3762.0,3803.0,1197690.0,1351065.0
2022-02-22,3815.0,3885.0,3806.0,3877.0,1309910.0,1402037.0
2022-02-23,3803.0,3953.0,3746.0,3906.0,2065057.0,1407668.0
2022-02-24,3924.0,4107.0,3896.0,4062.0,1954776.0,1390834.0
2022-02-25,4009.0,4067.0,3884.0,3918.0,2445430.0,1314116.0
2022-02-28,3855.0,3899.0,3758.0,3862.0,2149034.0,1232452.0
2022-03-01,3862.0,3955.0,3820.0,3911.0,1430739.0,1215730.0
2022-03-02,3952.0,3996.0,3836.0,3903.0,1969304.0,1203928.0
2022-03-03,3915.0,3929.0,3834.0,3895.0,1558260.0,1182290.0
2022-03-04,3869.0,3958.0,3851.0,3902.0,1595387.0,1201748.0
2022-03-07,3936.0,4096.0,3930.0,4089.0,1644052.0,1249559.0
2022-03-08,4075.0,4194.0,4001.0,4153.0,2191347.0,1276621.0
2022-03-09,4110.0,4266.0,4098.0,4222.0,1993209.0,1248409.0
2022-03-10,4151.0,4192.0,4064.0,4130.0,1716504.0,1161873.0
2022-03-11,4150.0,4232.0,4143.0,4186.0,1242858.0,1181709.0
2022-03-14,4161.0,4231.0,4090.0,4219.0,1618979.0,1205135.0
2022-03-15,4190.0,4236.0,4117.0,4121.0,1488312.0,1200347.0
2022-03-16,4110.0,4214.0,4045.0,4194.0,1506281.0,1200367.0
2022-03-17,4201.0,4250.0,4137.0,4176.0,1364040.0,1206317.0
2022-03-18,4205.0,4272.0,4180.0,4269.0,1337392.0,1281278.0
2022-03-21,4243.0,4304.0,4215.0,4277.0,1306115.0,1303842.0
2022-03-22,4277.0,4412.0,4253.0,4395.0,1616315.0,1339730.0
2022-03-23,4361.0,4421.0,4348.0,4407.0,1331296.0,1262590.0
2022-03-24,4428.0,4495.0,4365.0,4388.0,1699033.0,1182259.0
2022-03-25,4398.0,4458.0,4306.0,4347.0,1542709.0,1111064.0
2022-03-28,4351.0,4371.0,4254.0,4260.0,1292156.0,967844.0
2022-03-29,4150.0,4156.0,4069.0,4090.0,925750.0,1194231.0
2022-03-30,4030.0,4060.0,3952.0,4017.0,1288300.0,1178166.0
2022-03-31,4044.0,4085.0,4002.0,4038.0,1124222.0,1230089.0
2022-04-01,4029.0,4049.0,3807.0,3808.0,1388247.0,1175872.0
2022-04-06,3885.0,3891.0,3831.0,3856.0,626319.0,1211184.0
2022-04-07,3856.0,3856.0,3804.0,3829.0,858859.0,1211317.0
2022-04-08,3829.0,3895.0,3812.0,3880.0,889716.0,1183647.0
2022-04-11,3885.0,3970.0,3885.0,3939.0,952809.0,1217464.0
2022-04-12,3947.0,3948.0,3882.0,3923.0,832519.0,1199134.0
2022-04-13,3940.0,3952.0,3882.0,3905.0,837541.0,1218827.0
2022-04-14,3923.0,3938.0,3875.0,3928.0,831230.0,1251607.0
2022-04-15,3928.0,3961.0,3885.0,3923.0,811646.0,1250318.0
2022-04-18,3923.0,3980.0,3892.0,3934.0,939819.0,1248076.0
2022-04-19,3934.0,4033.0,3913.0,4029.0,1002291.0,1288043.0
2022-04-20,4029.0,4098.0,3996.0,4064.0,1167511.0,1338881.0
2022-04-21,4075.0,4128.0,4046.0,4118.0,920686.0,1404653.0
2022-04-22,4102.0,4139.0,4069.0,4075.0,1019950.0,1386512.0
2022-04-25,4100.0,4118.0,3947.0,3956.0,1301465.0,1315849.0
2022-04-26,3950.0,4019.0,3945.0,3983.0,921077.0,1312029.0
2022-04-27,4300.0,4300.0,3911.0,4001.0,1048940.0,1272640.0
2022-04-28,4010.0,4076.0,3975.0,4063.0,1031240.0,1302476.0
2022-04-29,4065.0,4078.0,4025.0,4073.0,713024.0,1264680.0
2022-05-05,4000.0,4055.0,3990.0,4050.0,498684.0,1293693.0
2022-05-06,4048.0,4090.0,3974.0,3979.0,920243.0,1241382.0
2022-05-09,3999.0,3999.0,3887.0,3900.0,869133.0,1209693.0
2022-05-10,3890.0,3939.0,3854.0,3927.0,863213.0,1202134.0
2022-05-11,3930.0,3945.0,3911.0,3931.0,576699.0,1223243.0
2022-05-12,3933.0,3966.0,3921.0,3933.0,637250.0,1236824.0
2022-05-13,3933.0,4077.0,3925.0,4054.0,1142813.0,1295288.0
2022-05-16,4040.0,4146.0,4040.0,4141.0,804323.0,1326221.0
2022-05-17,4141.0,4143.0,4110.0,4129.0,550046.0,1338930.0
2022-05-18,4142.0,4160.0,4127.0,4133.0,612240.0,1370126.0
2022-05-19,4141.0,4162.0,4102.0,4114.0,751390.0,1356041.0
2022-05-20,4117.0,4176.0,4110.0,4174.0,724993.0,1397725.0
2022-05-23,4155.0,4245.0,4154.0,4188.0,703374.0,1399257.0
2022-05-24,4175.0,4176.0,4071.0,4098.0,857255.0,1335139.0
2022-05-25,4125.0,4126.0,4069.0,4106.0,543951.0,1301862.0
2022-05-26,4063.0,4124.0,4043.0,4117.0,649868.0,1296610.0
2022-05-27,4114.0,4216.0,4106.0,4200.0,811872.0,1309855.0
2022-05-30,4210.0,4210.0,4168.0,4193.0,544700.0,1328166.0
2022-05-31,4190.0,4221.0,4186.0,4212.0,457282.0,1334477.0
2022-06-01,4195.0,4210.0,4089.0,4132.0,874811.0,1291069.0
2022-06-02,4132.0,4155.0,4100.0,4145.0,562013.0,1247264.0
2022-06-06,4188.0,4196.0,4141.0,4146.0,356132.0,1232665.0
2022-06-07,4129.0,4154.0,4106.0,4123.0,574740.0,1222813.0
2022-06-08,4127.0,4209.0,4084.0,4193.0,890945.0,1267591.0
2022-06-09,4210.0,4253.0,4166.0,4186.0,629700.0,1288541.0
2022-06-10,4195.0,4286.0,4186.0,4264.0,750128.0,1360227.0
2022-06-13,4272.0,4285.0,4142.0,4165.0,900244.0,1275719.0
2022-06-14,4161.0,4166.0,4100.0,4138.0,691619.0,1237381.0
2022-06-15,4138.0,4158.0,4089.0,4104.0,628058.0,1229741.0
2022-06-16,4100.0,4144.0,4089.0,4118.0,638786.0,1220929.0
2022-06-17,4125.0,4191.0,4104.0,4188.0,800276.0,1273222.0
2022-06-20,4188.0,4207.0,4112.0,4129.0,814791.0,1265502.0
2022-06-21,4127.0,4141.0,4080.0,4094.0,896923.0,1244702.0
2022-06-22,4090.0,4146.0,4022.0,4025.0,1103396.0,1221864.0
2022-06-23,4025.0,4050.0,3770.0,3850.0,1998717.0,1151757.0
2022-06-24,3850.0,3853.0,3722.0,3783.0,1368947.0,1105384.0
2022-06-27,3820.0,3857.0,3746.0,3825.0,1072337.0,1056590.0
2022-06-28,3844.0,3905.0,3819.0,3897.0,740942.0,1035134.0
2022-06-29,3894.0,3920.0,3862.0,3881.0,682095.0,1015563.0
2022-06-30,3905.0,3924.0,3876.0,3909.0,669970.0,982401.0
2022-07-01,3881.0,3950.0,3827.0,3874.0,1208676.0,977356.0
2022-07-04,3874.0,3878.0,3746.0,3837.0,1140409.0,971323.0
2022-07-05,3837.0,3875.0,3781.0,3835.0,855391.0,985406.0
2022-07-06,3822.0,3839.0,3674.0,3800.0,1655942.0,1018506.0
2022-07-07,3810.0,3939.0,3785.0,3878.0,1297261.0,1005281.0
2022-07-08,3925.0,3959.0,3890.0,3904.0,866055.0,1025075.0
2022-07-11,3903.0,4020.0,3870.0,3986.0,862302.0,1051316.0
2022-07-12,3978.0,4001.0,3946.0,3957.0,719970.0,1038679.0
2022-07-13,3926.0,3962.0,3828.0,3910.0,1164745.0,1041688.0
2022-07-14,3881.0,3977.0,3868.0,3963.0,932025.0,1061478.0
2022-07-15,3942.0,3969.0,3884.0,3906.0,1042197.0,1042968.0
2022-07-18,3920.0,3985.0,3871.0,3965.0,947577.0,1048324.0
2022-07-19,3973.0,3995.0,3897.0,3898.0,785605.0,1021102.0
2022-07-20,3870.0,3879.0,3769.0,3809.0,1246495.0,922566.0
2022-07-21,3805.0,3833.0,3801.0,3820.0,691810.0,912435.0
2022-07-22,3798.0,3821.0,3733.0,3759.0,861984.0,903583.0
2022-07-25,3761.0,3863.0,3755.0,3791.0,707381.0,871029.0
2022-07-26,3825.0,3904.0,3802.0,3898.0,638790.0,862054.0
2022-07-27,3910.0,3945.0,3885.0,3920.0,584243.0,882351.0
2022-07-28,3945.0,4006.0,3931.0,3962.0,597101.0,896784.0
2022-07-29,3941.0,3996.0,3928.0,3988.0,545306.0,879464.0
2022-08-01,4013.0,4073.0,3981.0,4008.0,684444.0,870850.0
2022-08-02,3983.0,4008.0,3905.0,3956.0,618460.0,814025.0
2022-08-03,3942.0,3992.0,3928.0,3970.0,510277.0,783524.0
2022-08-04,4000.0,4000.0,3920.0,3946.0,472920.0,783471.0
2022-08-05,3987.0,4079.0,3975.0,4079.0,581038.0,818682.0
2022-08-08,4049.0,4050.0,4001.0,4033.0,411779.0,767935.0
2022-08-09,4015.0,4043.0,4004.0,4009.0,346572.0,710882.0
2022-08-10,3706.0,3744.0,3703.0,3716.0,420978.0,921424.0
2022-08-11,3746.0,3776.0,3685.0,3721.0,663284.0,997862.0
2022-08-12,3739.0,3772.0,3705.0,3761.0,488881.0,1046981.0
2022-08-15,3745.0,3795.0,3674.0,3686.0,744220.0,1035497.0
2022-08-16,3660.0,3687.0,3636.0,3675.0,618009.0,1016934.0
2022-08-17,3660.0,3674.0,3640.0,3655.0,490495.0,1026778.0
2022-08-18,3662.0,3672.0,3635.0,3639.0,492540.0,1024112.0
